-- phpMyAdmin SQL Dump
-- version 5.1.1
-- https://www.phpmyadmin.net/
--
-- Host: 127.0.0.1:3306
-- Generation Time: Jan 28, 2024 at 02:18 AM
-- Server version: 10.11.6-MariaDB-cll-lve
-- PHP Version: 7.2.34

SET SQL_MODE = "NO_AUTO_VALUE_ON_ZERO";
START TRANSACTION;
SET time_zone = "+00:00";


/*!40101 SET @OLD_CHARACTER_SET_CLIENT=@@CHARACTER_SET_CLIENT */;
/*!40101 SET @OLD_CHARACTER_SET_RESULTS=@@CHARACTER_SET_RESULTS */;
/*!40101 SET @OLD_COLLATION_CONNECTION=@@COLLATION_CONNECTION */;
/*!40101 SET NAMES utf8mb4 */;

--
-- Database: `u852913949_petscare`
--

-- --------------------------------------------------------

--
-- Table structure for table `banners`
--

CREATE TABLE `banners` (
  `id` bigint(20) UNSIGNED NOT NULL,
  `img_banner` varchar(200) NOT NULL,
  `introduction` varchar(200) NOT NULL,
  `title` varchar(200) NOT NULL,
  `status` tinyint(1) NOT NULL DEFAULT 1,
  `banner_type` enum('SLIDER','BANNER_SALE') NOT NULL,
  `created_at` timestamp NULL DEFAULT NULL,
  `updated_at` timestamp NULL DEFAULT NULL
) ENGINE=InnoDB DEFAULT CHARSET=utf8mb4 COLLATE=utf8mb4_unicode_ci;

--
-- Dumping data for table `banners`
--

INSERT INTO `banners` (`id`, `img_banner`, `introduction`, `title`, `status`, `banner_type`, `created_at`, `updated_at`) VALUES
(2, 'https://www.fusiongroup.vn/upload/feature/original/thuc-an-huu-co-1668667297.jpg', '<p>Thức ăn hạt hữu cơ số 1 Hàn Quốc</p>', 'Thức ăn hữu cơ', 1, 'SLIDER', '2023-07-28 10:43:52', '2023-08-02 17:45:32'),
(3, 'https://www.fusiongroup.vn/upload/feature/original/gia-tang-tuoi-tho-song-tron-ben-sen-1689665727.jpg', '<p>Hỗ trợ các bệnh thường gặp ở mèo</p>', 'Gia tăng tuổi thọ - Sống \"trọn\" bên Sen', 1, 'SLIDER', '2023-07-28 10:57:14', '2023-08-02 11:57:13'),
(4, 'https://www.fusiongroup.vn/upload/feature/original/hat-mem-cao-cap-danh-cho-cho-1679295811.png', '<p>Công thức lên men cho đường ruột khoẻ</p>', 'Hạt mềm cao cấp dành cho cún', 1, 'SLIDER', '2023-07-28 10:57:27', '2023-08-04 15:56:34'),
(5, 'https://www.fusiongroup.vn/upload/feature/original/nhap-khau-va-phan-phoi-doc-quyen-1658974027.png', '<p>Chính sách hấp dẫn, chiết khấu cao</p>', 'Nhập khẩu và phân phối độc quyền', 1, 'SLIDER', '2023-07-28 10:57:37', '2023-08-02 11:59:42'),
(6, 'https://www.fusiongroup.vn/upload/feature/original/thuc-an-can-bang-dinh-duong-danh-cho-cho-1675313791.jpg', '<p>Carefully Prepared Food for Pet</p>', 'Thức ăn cân bằng dinh dưỡng dành cho thú cưng', 1, 'SLIDER', '2023-07-28 10:57:44', '2023-08-02 17:44:42'),
(8, 'https://www.fusiongroup.vn/upload/feature/original/thuc-an-hat-cho-meo-1676946638.jpg', '<p>Sử dụng thịt tươi đầu tiên tại Hàn Quốc</p>', 'Thức ăn hạt cho thú cưng', 1, 'SLIDER', '2023-07-28 10:58:03', '2023-08-02 17:44:14'),
(9, 'https://www.fusiongroup.vn/upload/feature/original/thuc-an-hat-quoc-dan-so-1-han-quoc-1668486364.jpg', '<p>Phát triển và bảo vệ toàn diện</p>', 'Thức ăn hạt \"quốc dân\" số 1 Hàn Quốc', 1, 'SLIDER', '2023-07-28 10:58:13', '2023-08-04 15:48:19'),
(10, 'https://thegioinoithat.website/petscare/public/assets/images/banner/cats-eye-img-desc-1671443913.jpg', '<p>Thức ăn dạng hạt &nbsp;cho mèo</p>', 'Thức ăn cho mèo', 1, 'BANNER_SALE', '2023-07-28 14:27:23', '2023-07-28 14:27:23'),
(11, 'https://thegioinoithat.website/petscare/public/assets/images/banner/wonder-cats-img-desc-1672304107.png', '<p>Thức ăn dạng hạt</p>', 'Thức ăn cho mèo', 1, 'BANNER_SALE', '2023-07-28 14:28:00', '2023-07-28 14:28:00');

-- --------------------------------------------------------

--
-- Table structure for table `book_services`
--

CREATE TABLE `book_services` (
  `id` bigint(20) UNSIGNED NOT NULL,
  `book_service_hash_id` varchar(50) NOT NULL,
  `user_id` bigint(20) UNSIGNED NOT NULL,
  `service_id` bigint(20) UNSIGNED NOT NULL,
  `pet_name` varchar(50) NOT NULL,
  `book_date` date NOT NULL,
  `book_time` time NOT NULL,
  `description` text DEFAULT NULL,
  `admin_note` text DEFAULT NULL,
  `total_price` bigint(20) NOT NULL,
  `status` enum('PENDING','HOLDING','ACCEPTED','COMPLETED','CANCELED') NOT NULL DEFAULT 'PENDING',
  `created_at` timestamp NULL DEFAULT NULL,
  `updated_at` timestamp NULL DEFAULT NULL
) ENGINE=InnoDB DEFAULT CHARSET=utf8mb4 COLLATE=utf8mb4_unicode_ci;

--
-- Dumping data for table `book_services`
--

INSERT INTO `book_services` (`id`, `book_service_hash_id`, `user_id`, `service_id`, `pet_name`, `book_date`, `book_time`, `description`, `admin_note`, `total_price`, `status`, `created_at`, `updated_at`) VALUES
(1, 'DV16905206162239', 3, 13, 'Cuns', '2023-07-29', '15:03:00', '...', 'nooo', 800000, 'ACCEPTED', '2023-07-28 12:03:36', '2023-08-11 15:09:23'),
(2, 'DV16905350196932', 9, 4, 'phúc', '2023-07-28', '17:03:00', 'nhớ tắm cho hoàng thượng đúng giờ', 'Tôi không ý trừ điểm', 800000, 'COMPLETED', '2023-07-28 16:03:39', '2023-08-11 15:55:47'),
(3, 'DV16905354594089', 4, 1, 'Kiệt', '2023-08-25', '19:09:00', 'tắm', NULL, 800000, 'CANCELED', '2023-07-28 16:10:59', '2023-08-11 15:54:50'),
(4, 'DV16913885677921', 1, 2, 'Chó', '2023-08-08', '17:00:00', NULL, NULL, 800000, 'COMPLETED', '2023-08-07 13:09:27', '2023-08-11 15:56:04'),
(5, 'DV17060136664429', 30, 2, 'ssdasd', '2024-01-26', '11:11:00', NULL, NULL, 800000, 'PENDING', '2024-01-23 19:41:06', '2024-01-23 19:41:06');

-- --------------------------------------------------------

--
-- Table structure for table `brands`
--

CREATE TABLE `brands` (
  `id` bigint(20) UNSIGNED NOT NULL,
  `name` varchar(200) NOT NULL,
  `nation` varchar(100) DEFAULT NULL,
  `image_brand` varchar(200) DEFAULT NULL,
  `slug` varchar(255) NOT NULL,
  `created_at` timestamp NULL DEFAULT NULL,
  `updated_at` timestamp NULL DEFAULT NULL
) ENGINE=InnoDB DEFAULT CHARSET=utf8mb4 COLLATE=utf8mb4_unicode_ci;

--
-- Dumping data for table `brands`
--

INSERT INTO `brands` (`id`, `name`, `nation`, `image_brand`, `slug`, `created_at`, `updated_at`) VALUES
(1, 'Pedigree', 'Hoa Kỳ', 'https://tse2.mm.bing.net/th?id=OIP.d3sgJFzp3zReVRAgTxqI4gHaFn&pid=Api&P=0&h=180', 'pedigree', '2023-07-28 09:44:20', '2023-07-28 09:44:20'),
(2, 'Ganador', 'Thái Lan', 'https://vatnuoi.vn/wp-content/uploads/2020/04/thuc-an-cho-cho-ganador-4.jpg', 'ganador', '2023-07-28 09:47:02', '2023-07-28 09:47:02'),
(3, 'SmartHeart', 'Thái Lan', 'https://vatnuoi.vn/wp-content/uploads/2020/04/smartheart-logo-800x445.jpg', 'smartheart', '2023-07-28 09:49:12', '2023-07-28 12:26:08'),
(4, 'Natural Core', 'Hàn Quốc', 'https://www.naturalcore.co/wp-content/uploads/2012/10/logo-high.png', 'natural-core', '2023-07-28 09:50:00', '2023-07-28 09:50:00'),
(5, 'Taste of the Wild', 'Mỹ', 'https://tse3.mm.bing.net/th?id=OIP.H19boglm-kcgAUfPHc2OxgHaBi&pid=Api&P=0&h=180', 'taste-of-the-wild', '2023-07-28 09:51:21', '2023-07-28 09:51:21'),
(6, 'Nutrience', 'Canada', 'https://encrypted-tbn0.gstatic.com/images?q=tbn:ANd9GcTEPDZRC53K94qJrQYIFeUS5jGQD37c2VQUIdqF4EKmn4Q3TD4ig6uQyITQxZnf1Narum8&usqp=CAU', 'nutrience', '2023-07-28 09:53:10', '2023-08-08 08:13:50'),
(7, 'FIB\'S', 'Pháp', 'https://tse4.mm.bing.net/th?id=OIP.xjagpFVEHuHJRJFBthew0wAAAA&pid=Api&P=0&h=180', 'fibs', '2023-07-28 09:56:18', '2023-07-28 09:56:18'),
(8, 'Zenith', 'Hàn Quốc', 'https://petshopsaigon.vn/wp-content/uploads/2021/07/hat-mem-cho-meo-zenith-13kg-3.jpg', 'zenith', '2023-07-28 09:59:27', '2023-07-28 09:59:27'),
(9, 'Origi-7', 'Mỹ', 'https://encrypted-tbn0.gstatic.com/images?q=tbn:ANd9GcTb9gw4nxXbQ4eJz8G7-h0YqaEDhCqrBpqKNg&usqp=CAU', 'origi-7', '2023-07-28 10:16:52', '2023-07-28 10:16:52'),
(11, 'Chưa có thương hiệu', 'N/A', 'https://thegioinoithat.website/petscare/public/assets/images/slider/Na.png', 'chua-co-thuong-hieu', '2023-07-31 15:24:56', '2023-07-31 15:24:56'),
(12, 'IRIS OHYAMA', 'Nhật Bản', 'https://www.irisohyama.co.jp/english/images/irisohyama.png', 'iris-ohyama', '2023-07-31 15:43:47', '2023-07-31 15:43:47'),
(13, 'Minino', 'Nhật Bản', 'https://encrypted-tbn0.gstatic.com/images?q=tbn:ANd9GcRf0GuYf59pm8LS8wxDEd5INbpShgSxhXe6sA&usqp=CAU', 'minino', '2023-07-31 15:45:00', '2023-07-31 15:45:00'),
(14, 'Kitekat', 'Nhật Bản', 'https://static.wikia.nocookie.net/logopedia/images/3/3a/Post_5bf6b80de71c8.png/revision/latest?cb=20190724082245', 'kitekat', '2023-07-31 15:54:14', '2023-07-31 15:54:14'),
(15, 'TRIXE', 'Nhật Bản', 'https://www.trixie.de/assets/Images/logo.png', 'trixe', '2023-07-31 15:54:50', '2023-07-31 15:54:50'),
(16, 'Whiskas', 'Nhật Bản', 'https://encrypted-tbn0.gstatic.com/images?q=tbn:ANd9GcT5Rdenp-_mTqHhMHwlDQr7cKGy2vwf8oGuGQ&usqp=CAU', 'whiskas', '2023-07-31 15:58:22', '2023-07-31 15:58:22'),
(17, 'Cats Best', 'Anh', 'https://www.cty-emall.com/image/ctyemall/image/data/6mgrwPtJ1586578455.jpg', 'cats-best', '2023-07-31 16:00:58', '2023-07-31 16:00:58');

-- --------------------------------------------------------

--
-- Table structure for table `categories`
--

CREATE TABLE `categories` (
  `id` bigint(20) UNSIGNED NOT NULL,
  `name` varchar(200) NOT NULL,
  `description` varchar(255) DEFAULT NULL,
  `type_category` enum('POST','PRODUCT') NOT NULL,
  `slug` varchar(255) NOT NULL,
  `created_at` timestamp NULL DEFAULT NULL,
  `updated_at` timestamp NULL DEFAULT NULL
) ENGINE=InnoDB DEFAULT CHARSET=utf8mb4 COLLATE=utf8mb4_unicode_ci;

--
-- Dumping data for table `categories`
--

INSERT INTO `categories` (`id`, `name`, `description`, `type_category`, `slug`, `created_at`, `updated_at`) VALUES
(1, 'Thức ăn cho chó lớn hương gà và rau củ', 'Thức ăn cho chó lớn hương gà và rau củThức ăn cho chó lớn hương gà và rau củThức ăn cho chó lớn hương gà và rau củThức ăn cho chó lớn hương gà và rau củ', 'PRODUCT', 'thuc-an-cho-cho-lon-huong-ga-va-rau-cu', '2023-07-28 09:42:35', '2023-07-28 12:24:27'),
(2, 'Thức ăn cho chó', 'Thức ăn cho chó', 'PRODUCT', 'thuc-an-cho-cho', '2023-07-28 09:43:05', '2023-07-28 12:23:48'),
(3, 'Thức ăn cho giống chó nhỏ', 'Thức ăn cho giống chó nhỏ', 'PRODUCT', 'thuc-an-cho-giong-cho-nho', '2023-07-28 09:43:39', '2023-07-28 09:43:39'),
(4, 'Bánh thưởng dạng kem dành cho chó', 'Bánh thưởng dạng kem dành cho chó', 'PRODUCT', 'banh-thuong-dang-kem-danh-cho-cho', '2023-07-28 09:43:53', '2023-07-28 09:43:53'),
(6, 'Thức ăn cho chó Natural Core Eco1 vị thịt cừu', 'Thức ăn cho chó Natural Core Eco1 vị thịt cừu', 'PRODUCT', 'thuc-an-cho-cho-natural-core-eco1-vi-thit-cuu', '2023-07-28 09:45:54', '2023-07-28 09:45:54'),
(7, 'Thức ăn hạt mềm cho chó', 'Thức ăn hạt mềm cho chó', 'PRODUCT', 'thuc-an-hat-mem-cho-cho', '2023-07-28 09:46:09', '2023-07-28 09:46:09'),
(8, 'Hạt mềm cho chó già', 'Hạt mềm cho chó già', 'PRODUCT', 'hat-mem-cho-cho-gia', '2023-07-28 09:46:22', '2023-07-28 09:46:22'),
(9, 'Thức ăn cho chó lớn trưởng thành', 'Thức ăn cho chó lớn trưởng thành', 'PRODUCT', 'thuc-an-cho-cho-lon-truong-thanh', '2023-07-28 09:48:31', '2023-07-28 09:48:31'),
(10, 'Thức ăn cho chó lớn hương bò và rau củ', 'Thức ăn cho chó lớn hương bò và rau củ', 'PRODUCT', 'thuc-an-cho-cho-lon-huong-bo-va-rau-cu', '2023-07-28 09:49:45', '2023-07-28 12:24:45'),
(11, 'Chăm sóc thú cưng', 'Chăm sóc sức khỏe cho thú cưng', 'POST', 'cham-soc-thu-cung', '2023-07-28 09:50:38', '2023-07-28 09:50:38'),
(12, 'Góc thông tin và cảnh báo', 'Thông tin về các sản phẩm mới và cảnh báo hàng giả', 'POST', 'goc-thong-tin-va-canh-bao', '2023-07-28 10:18:25', '2023-07-28 10:18:25'),
(13, 'Chưa có danh mục sản phẩm', 'Chưa có danh mục sản phẩm', 'PRODUCT', 'chua-co-danh-muc-san-pham', '2023-07-31 15:22:20', '2023-07-31 15:22:20'),
(14, 'Pate cho mèo', 'Pate cho mèo', 'PRODUCT', 'pate-cho-meo', '2023-07-31 15:23:22', '2023-07-31 15:23:22'),
(15, 'Lược chải lông chó mèo', 'Lược chải lông chó mèo', 'PRODUCT', 'luoc-chai-long-cho-meo', '2023-07-31 15:25:05', '2023-07-31 15:25:05'),
(16, 'Nệm Cho Thú Cưng', 'Nệm Cho Thú Cưng', 'PRODUCT', 'nem-cho-thu-cung', '2023-07-31 15:37:09', '2023-07-31 15:37:09'),
(17, 'Sốt dinh dưỡng cho mèo Whiskas vị cá', 'Có lượng protein, đạm, vitamin giúp bé cún đầy đủ dưỡng chất, phát triển toàn diện. Lượng canxi có trong sốt cho mèo Whiskas vị cá thu túi 85g sẽ giúp cho xương và răng của mèo được chắc khoẻ hơn rất nhiều.', 'PRODUCT', 'sot-dinh-duong-cho-meo-whiskas-vi-ca', '2023-07-31 15:39:51', '2023-07-31 15:39:51'),
(18, 'Cát vệ sinh cho mèo', 'Cát cho mèo đi vệ sinh là sản phẩm cát vệ sinh cho mèo , giúp bạn theo dõi sức khỏe của mèo cưng một cách dễ dàng và chính xác.', 'PRODUCT', 'cat-ve-sinh-cho-meo', '2023-07-31 15:40:37', '2023-07-31 17:29:04'),
(19, 'Vòng cổ cho thú cưng', 'Vòng cổ cho thú cưng', 'PRODUCT', 'vong-co-cho-thu-cung', '2023-07-31 15:46:24', '2023-07-31 15:46:24'),
(20, 'Thức ăn cho mèo Minino vị cá ngừ', 'Thức ăn cho mèo Minino là thương hiệu cung cấp các sản phẩm thức ăn cho mèo uy tín tại Việt Nam', 'PRODUCT', 'thuc-an-cho-meo-minino-vi-ca-ngu', '2023-07-31 15:46:40', '2023-07-31 15:46:40'),
(21, 'Khăn, quần áo cho thú cưng', 'Khăn, quần áo cho thú cưng', 'PRODUCT', 'khan-quan-ao-cho-thu-cung', '2023-07-31 15:49:34', '2023-07-31 16:00:26'),
(22, 'Hộp 12 gói pate cho mèo MARIA cá thu và cá hồi', 'Hộp 12 gói pate cho mèo MARIA cá thu và cá hồi', 'PRODUCT', 'hop-12-goi-pate-cho-meo-maria-ca-thu-va-ca-hoi', '2023-07-31 15:50:43', '2023-07-31 15:50:43'),
(23, 'Thức ăn cho mèo Kitekat hương cá thu', 'Thức ăn cho mèo Kitekat hương cá thu', 'PRODUCT', 'thuc-an-cho-meo-kitekat-huong-ca-thu', '2023-07-31 15:54:29', '2023-07-31 15:54:29'),
(24, 'Thức ăn cho mèo con Whiskas hương cá biển', 'Thức ăn cho mèo con Whiskas hương cá biển', 'PRODUCT', 'thuc-an-cho-meo-con-whiskas-huong-ca-bien', '2023-07-31 15:59:17', '2023-07-31 15:59:17');

-- --------------------------------------------------------

--
-- Table structure for table `comments`
--

CREATE TABLE `comments` (
  `id` bigint(20) UNSIGNED NOT NULL,
  `user_id` bigint(20) UNSIGNED NOT NULL,
  `post_id` bigint(20) UNSIGNED NOT NULL,
  `content` text NOT NULL,
  `status` tinyint(1) NOT NULL DEFAULT 1,
  `created_at` timestamp NULL DEFAULT NULL,
  `updated_at` timestamp NULL DEFAULT NULL
) ENGINE=InnoDB DEFAULT CHARSET=utf8mb4 COLLATE=utf8mb4_unicode_ci;

--
-- Dumping data for table `comments`
--

INSERT INTO `comments` (`id`, `user_id`, `post_id`, `content`, `status`, `created_at`, `updated_at`) VALUES
(1, 1, 10, 'bài viết thật hữu ích, tôi học được rất nhiều điều hay từ bài viết này. Cám ơn addmin Nguyen Trong Nhan đã chia sẻ.', 1, '2023-07-28 15:49:57', '2023-08-01 17:21:18'),
(2, 9, 1, 'website vô tri, vô nghĩa', 1, '2023-08-02 16:42:37', '2023-08-02 16:43:53'),
(3, 9, 1, 'sao không trả lời kh\r\nadmin k biết nói à', 1, '2023-08-02 16:43:04', '2023-08-02 16:43:56'),
(4, 9, 1, 'admin bị sao vậy', 1, '2023-08-02 16:43:19', '2023-08-02 16:43:59'),
(5, 1, 1, 'bài viết hay quá', 1, '2023-08-02 23:23:46', '2023-08-02 23:23:46'),
(6, 1, 5, 'bài viết hay', 1, '2023-08-07 14:26:37', '2023-08-07 14:26:37'),
(7, 3, 5, 'hhh', 1, '2023-08-10 14:16:21', '2023-08-10 14:16:21'),
(8, 3, 5, 'kkk', 1, '2023-08-10 14:19:07', '2023-08-10 14:19:07'),
(9, 25, 2, 'hay', 1, '2023-09-23 15:30:22', '2023-09-23 15:30:22'),
(10, 18, 6, 'hay quá', 1, '2023-10-25 17:21:51', '2023-10-25 17:21:51'),
(11, 18, 1, 'Website thật tuyệt vời', 1, '2023-10-25 17:24:48', '2023-10-25 17:24:48'),
(12, 30, 9, 'bai viet rat hay', 1, '2023-12-26 18:15:21', '2023-12-26 18:15:21');

-- --------------------------------------------------------

--
-- Table structure for table `coupons`
--

CREATE TABLE `coupons` (
  `id` bigint(20) UNSIGNED NOT NULL,
  `coupon_hash_id` varchar(50) NOT NULL,
  `coupon_name` varchar(50) NOT NULL,
  `discount` int(11) NOT NULL,
  `start_at` datetime NOT NULL,
  `end_at` datetime NOT NULL,
  `created_at` timestamp NULL DEFAULT NULL,
  `updated_at` timestamp NULL DEFAULT NULL
) ENGINE=InnoDB DEFAULT CHARSET=utf8mb4 COLLATE=utf8mb4_unicode_ci;

--
-- Dumping data for table `coupons`
--

INSERT INTO `coupons` (`id`, `coupon_hash_id`, `coupon_name`, `discount`, `start_at`, `end_at`, `created_at`, `updated_at`) VALUES
(1, 'IIFSLG4', 'aaa', 180000, '2023-08-07 16:33:00', '2023-08-24 12:00:00', '2023-07-28 11:57:08', '2023-08-07 16:32:33'),
(2, 'X6E8UEN', 'sdf', 1000000, '2023-09-22 19:47:00', '2023-09-30 12:00:00', '2023-09-22 19:46:12', '2023-09-22 19:47:31');

-- --------------------------------------------------------

--
-- Table structure for table `information_users`
--

CREATE TABLE `information_users` (
  `id` bigint(20) UNSIGNED NOT NULL,
  `user_id` bigint(20) UNSIGNED NOT NULL,
  `fullname` varchar(50) NOT NULL,
  `phone` varchar(15) NOT NULL,
  `address` varchar(50) NOT NULL,
  `is_default` tinyint(1) NOT NULL DEFAULT 1,
  `created_at` timestamp NULL DEFAULT NULL,
  `updated_at` timestamp NULL DEFAULT NULL
) ENGINE=InnoDB DEFAULT CHARSET=utf8mb4 COLLATE=utf8mb4_unicode_ci;

--
-- Dumping data for table `information_users`
--

INSERT INTO `information_users` (`id`, `user_id`, `fullname`, `phone`, `address`, `is_default`, `created_at`, `updated_at`) VALUES
(1, 1, 'Hoàng Phúc', '0123456789', 'Trung Mỹ Tây 12, Quận 12', 1, '2023-07-28 07:15:38', '2023-08-07 09:49:46'),
(2, 6, 'Nguyen Trong Nhan', '0586987199', 'aaaaaaaaaaaa', 1, '2023-07-28 13:52:02', '2023-08-07 16:44:44'),
(3, 5, 'Kiệt', '0946104867', 'ccccccccccccc/cccc/cccc/ccc', 1, '2023-07-28 15:20:08', '2023-08-07 16:44:24'),
(4, 4, 'Huỳnh Tuấn Kiệt', '0932145698', 'Quan Trung 123', 1, '2023-07-28 15:21:18', '2023-08-07 16:25:41'),
(5, 8, 'kghjkhjkh', '0945680093', 'hjlhjlhjl', 0, '2023-07-28 15:57:29', '2023-08-07 09:49:46'),
(6, 8, 'adasdasd', '0945680093', 'hjkhjkhjk', 0, '2023-07-28 15:57:49', '2023-08-07 09:49:46'),
(7, 9, 'nthinam1981@gmail.com', '0985160896', '123 cvpm', 1, '2023-07-28 15:58:53', '2023-08-07 09:49:46'),
(8, 11, '1231', '0923055947', '1231', 0, '2023-07-31 16:33:49', '2023-08-07 09:49:46'),
(9, 12, 'phuochoa', '071412791287', 'dsadsa', 1, '2023-07-31 16:34:25', '2023-08-07 09:49:46'),
(10, 6, 'Nguyen Trong Nhan PS26577', '0586987199', '234 aaaaaaaaaaaaaaaaaaa', 0, '2023-08-01 20:48:47', '2023-08-07 16:44:44'),
(11, 17, 'dsg', '0123456789', '34a Street', 0, '2023-08-01 21:02:38', '2023-08-07 09:49:46'),
(12, 17, 'PHÚT', '0123456789', '34a Street1100', 0, '2023-08-01 21:03:08', '2023-08-07 09:49:46'),
(13, 3, 'tran quang trun', '0934567891', '34a Street1100', 0, '2023-08-04 15:50:19', '2023-08-07 09:51:24'),
(14, 18, 'PHUCNHPS26324', '0123456789', 'Quận 12', 1, '2023-08-04 21:00:07', '2023-11-06 11:53:14'),
(15, 3, 'trunnnn', '0775297970', '34a Street', 1, '2023-08-06 16:29:33', '2023-08-07 09:51:24'),
(17, 21, 'david phan', '9195555111', 'bdt', 1, '2023-08-07 16:47:31', '2023-08-07 16:47:31'),
(18, 25, 'dấdasdasđa', '0931766777', 'đasadasdsada', 1, '2023-09-09 23:52:30', '2023-09-09 23:52:30'),
(19, 26, 'sdfsdf', '1234123123', 'sdfsdf', 1, '2023-09-22 19:44:39', '2023-09-22 19:44:39'),
(20, 27, 'dấdasdasđa', '0941588699', '254/4 nguyen oanh go vap ho chi minh', 1, '2023-10-14 15:49:31', '2023-10-14 15:49:31'),
(21, 24, 'tran qung trung', '0123456789', 'heyhey', 1, '2023-10-18 18:54:58', '2023-10-18 18:54:58'),
(22, 30, '3213213213', '312312312312', '3123123123', 1, '2024-01-01 20:56:20', '2024-01-01 20:56:20');

-- --------------------------------------------------------

--
-- Table structure for table `migrations`
--

CREATE TABLE `migrations` (
  `id` int(10) UNSIGNED NOT NULL,
  `migration` varchar(255) NOT NULL,
  `batch` int(11) NOT NULL
) ENGINE=InnoDB DEFAULT CHARSET=utf8mb4 COLLATE=utf8mb4_unicode_ci;

--
-- Dumping data for table `migrations`
--

INSERT INTO `migrations` (`id`, `migration`, `batch`) VALUES
(1, '2019_12_14_000001_create_personal_access_tokens_table', 1),
(2, '2023_07_02_123114_create_users_table', 1),
(3, '2023_07_02_123128_create_information_users_table', 1),
(4, '2023_07_02_123136_create_categories_table', 1),
(5, '2023_07_02_123349_create_posts_table', 1),
(6, '2023_07_02_123436_create_comments_table', 1),
(7, '2023_07_02_123609_create_brands_table', 1),
(8, '2023_07_02_123738_create_coupons_table', 1),
(9, '2023_07_02_123956_create_products_table', 1),
(10, '2023_07_02_124040_create_product_img_collection_table', 1),
(11, '2023_07_02_124115_create_payments_table', 1),
(12, '2023_07_02_124248_create_orders_table', 1),
(13, '2023_07_02_124320_create_order_detail_table', 1),
(14, '2023_07_02_124359_create_reviews_table', 1),
(15, '2023_07_02_124458_create_services_table', 1),
(16, '2023_07_02_124537_create_book_services_table', 1),
(17, '2023_07_02_124611_create_banners_table', 1),
(18, '2023_07_07_150704_create_password_resets_table', 1);

-- --------------------------------------------------------

--
-- Table structure for table `orders`
--

CREATE TABLE `orders` (
  `id` bigint(20) UNSIGNED NOT NULL,
  `order_hash_id` varchar(50) NOT NULL,
  `user_id` bigint(20) UNSIGNED NOT NULL,
  `coupon_id` bigint(20) UNSIGNED DEFAULT NULL,
  `pre_total` bigint(20) DEFAULT NULL,
  `total` bigint(20) NOT NULL,
  `payment_id` bigint(20) UNSIGNED NOT NULL,
  `address_id` bigint(20) UNSIGNED NOT NULL,
  `status` enum('PENDING','HOLDING','ACCEPTED','COMPLETED','CANCELED') NOT NULL DEFAULT 'PENDING',
  `created_at` timestamp NULL DEFAULT NULL,
  `updated_at` timestamp NULL DEFAULT NULL
) ENGINE=InnoDB DEFAULT CHARSET=utf8mb4 COLLATE=utf8mb4_unicode_ci;

--
-- Dumping data for table `orders`
--

INSERT INTO `orders` (`id`, `order_hash_id`, `user_id`, `coupon_id`, `pre_total`, `total`, `payment_id`, `address_id`, `status`, `created_at`, `updated_at`) VALUES
(1, 'DH16905324207877', 5, NULL, 1032000, 1032000, 1, 3, 'COMPLETED', '2023-07-28 15:20:20', '2023-08-02 23:32:51'),
(2, 'DH16905324905483', 4, NULL, 1050500, 1050500, 1, 4, 'COMPLETED', '2023-07-28 15:21:30', '2023-07-28 15:22:08'),
(3, 'DH16905347629197', 9, NULL, 17380000, 17380000, 1, 7, 'COMPLETED', '2023-07-29 15:59:22', '2023-07-28 16:22:35'),
(4, 'DH16905483151215', 1, NULL, 516000, 516000, 1, 1, 'COMPLETED', '2023-07-29 19:45:15', '2023-08-07 16:43:21'),
(5, 'DH16908137768014', 6, NULL, 140000, 140000, 1, 2, 'CANCELED', '2023-07-31 21:29:36', '2023-08-07 16:43:35'),
(6, 'DH16908965933284', 6, NULL, 140000, 140000, 1, 2, 'COMPLETED', '2023-08-01 20:29:53', '2023-08-01 20:32:43'),
(7, 'DH16908976611250', 6, NULL, 420000, 420000, 1, 2, 'COMPLETED', '2023-08-01 20:47:41', '2023-08-07 16:43:22'),
(8, 'DH16909696947028', 9, 1, 13500000, 12500000, 1, 7, 'COMPLETED', '2023-08-02 16:48:14', '2023-08-02 16:49:49'),
(9, 'DH16909752755005', 1, NULL, 140000, 140000, 1, 1, 'COMPLETED', '2023-08-02 18:21:15', '2023-08-07 16:43:18'),
(10, 'DH16911390578620', 3, 1, 180000, 0, 1, 13, 'COMPLETED', '2023-08-04 15:50:57', '2023-08-07 16:43:14'),
(11, 'DH16911412902033', 6, NULL, 4729000, 4729000, 1, 2, 'COMPLETED', '2023-08-05 16:28:10', '2023-08-07 16:43:08'),
(12, 'DH16911424895160', 6, NULL, 4895000, 4895000, 1, 2, 'COMPLETED', '2023-08-05 16:48:09', '2023-08-07 16:43:26'),
(13, 'DH16911574004050', 1, NULL, 90000, 90000, 2, 1, 'COMPLETED', '2023-08-06 20:56:40', '2023-08-07 16:43:03'),
(14, 'DH16914003528423', 4, NULL, 500000, 500000, 1, 4, 'COMPLETED', '2023-08-07 16:25:52', '2023-08-07 16:42:57'),
(15, 'DH16914003893368', 3, NULL, 319000, 319000, 1, 15, 'COMPLETED', '2023-08-07 16:26:29', '2023-08-07 16:42:52'),
(16, 'DH16914014584138', 1, NULL, 443000, 443000, 1, 1, 'COMPLETED', '2023-08-07 16:44:18', '2023-08-07 16:44:57'),
(17, 'DH16914014721808', 5, NULL, 929000, 929000, 1, 3, 'COMPLETED', '2023-08-07 16:44:32', '2023-08-07 16:44:57'),
(18, 'DH16914014902572', 5, NULL, 328500, 328500, 1, 3, 'COMPLETED', '2023-08-07 16:44:50', '2023-08-07 16:45:06'),
(19, 'DH16914015143770', 6, NULL, 622000, 622000, 1, 2, 'COMPLETED', '2023-08-07 16:45:14', '2023-08-07 16:46:03'),
(20, 'DH16914016672974', 3, NULL, 668000, 668000, 1, 15, 'PENDING', '2023-08-07 16:47:47', '2023-08-07 16:47:47'),
(21, 'DH16914134197205', 21, NULL, 140000, 140000, 1, 17, 'PENDING', '2023-08-07 20:03:39', '2023-08-07 20:03:39'),
(22, 'DH16914650686885', 5, NULL, 140000, 140000, 1, 3, 'PENDING', '2023-08-08 10:24:28', '2023-08-08 10:24:28'),
(23, 'DH16914650988166', 5, NULL, 140000, 140000, 1, 3, 'PENDING', '2023-08-08 10:24:58', '2023-08-08 10:24:58'),
(24, 'DH16917436032187', 6, 1, 2760000, 2580000, 1, 2, 'COMPLETED', '2023-08-11 15:46:43', '2023-08-11 15:47:56'),
(25, 'DH16942783671589', 25, NULL, 90000, 90000, 1, 18, 'PENDING', '2023-09-09 23:52:47', '2023-09-09 23:52:47'),
(26, 'DH16945974042137', 25, NULL, 140000, 140000, 2, 18, 'PENDING', '2023-09-13 16:30:04', '2023-09-13 16:30:04'),
(27, 'DH16972734229092', 27, NULL, 140000, 140000, 3, 20, 'PENDING', '2023-10-14 15:50:22', '2023-10-14 15:50:22'),
(28, 'DH16974777601938', 25, NULL, 140000, 140000, 3, 18, 'PENDING', '2023-10-17 00:36:00', '2023-10-17 00:36:00'),
(29, 'DH16974778289570', 25, NULL, 140000, 140000, 2, 18, 'PENDING', '2023-10-17 00:37:08', '2023-10-17 00:37:08'),
(30, 'DH16976301089324', 24, NULL, 93000, 93000, 1, 21, 'PENDING', '2023-10-18 18:55:08', '2023-10-18 18:55:08'),
(31, 'DH16986737852659', 25, NULL, 2222, 2222, 1, 18, 'COMPLETED', '2023-10-30 20:49:45', '2023-11-11 16:21:32'),
(32, 'DH17041174769904', 30, NULL, 13707500, 13707500, 1, 22, 'PENDING', '2024-01-01 20:57:56', '2024-01-01 20:57:56');

-- --------------------------------------------------------

--
-- Table structure for table `order_detail`
--

CREATE TABLE `order_detail` (
  `order_id` bigint(20) UNSIGNED NOT NULL,
  `product_id` bigint(20) UNSIGNED NOT NULL,
  `price` bigint(20) NOT NULL,
  `quantity` int(11) NOT NULL,
  `created_at` timestamp NULL DEFAULT NULL,
  `updated_at` timestamp NULL DEFAULT NULL
) ENGINE=InnoDB DEFAULT CHARSET=utf8mb4 COLLATE=utf8mb4_unicode_ci;

--
-- Dumping data for table `order_detail`
--

INSERT INTO `order_detail` (`order_id`, `product_id`, `price`, `quantity`, `created_at`, `updated_at`) VALUES
(1, 26, 516000, 2, '2023-07-28 15:20:20', '2023-07-28 15:20:20'),
(2, 23, 105500, 1, '2023-07-28 15:21:30', '2023-07-28 15:21:30'),
(2, 22, 440000, 1, '2023-07-28 15:21:30', '2023-07-28 15:21:30'),
(2, 16, 390000, 1, '2023-07-28 15:21:30', '2023-07-28 15:21:30'),
(2, 17, 115000, 1, '2023-07-28 15:21:30', '2023-07-28 15:21:30'),
(3, 26, 516000, 30, '2023-07-28 15:59:22', '2023-07-28 15:59:22'),
(3, 20, 38000, 50, '2023-07-28 15:59:22', '2023-07-28 15:59:22'),
(4, 26, 516000, 1, '2023-07-28 19:45:15', '2023-07-28 19:45:15'),
(5, 43, 140000, 1, '2023-07-31 21:29:36', '2023-07-31 21:29:36'),
(6, 43, 140000, 1, '2023-08-01 20:29:53', '2023-08-01 20:29:53'),
(7, 43, 140000, 3, '2023-08-01 20:47:41', '2023-08-01 20:47:41'),
(8, 29, 450000, 30, '2023-08-02 16:48:14', '2023-08-02 16:48:14'),
(9, 43, 140000, 1, '2023-08-02 18:21:15', '2023-08-02 18:21:15'),
(10, 42, 90000, 2, '2023-08-04 15:50:57', '2023-08-04 15:50:57'),
(11, 41, 139000, 1, '2023-08-04 16:28:10', '2023-08-04 16:28:10'),
(11, 36, 200000, 3, '2023-08-04 16:28:10', '2023-08-04 16:28:10'),
(11, 29, 450000, 7, '2023-08-04 16:28:10', '2023-08-04 16:28:10'),
(11, 43, 140000, 6, '2023-08-04 16:28:10', '2023-08-04 16:28:10'),
(12, 3, 445000, 11, '2023-08-04 16:48:09', '2023-08-04 16:48:09'),
(13, 42, 90000, 1, '2023-08-04 20:56:40', '2023-08-04 20:56:40'),
(14, 43, 140000, 1, '2023-08-07 16:25:52', '2023-08-07 16:25:52'),
(14, 42, 90000, 4, '2023-08-07 16:25:52', '2023-08-07 16:25:52'),
(15, 42, 90000, 2, '2023-08-07 16:26:29', '2023-08-07 16:26:29'),
(15, 41, 139000, 1, '2023-08-07 16:26:29', '2023-08-07 16:26:29'),
(16, 42, 90000, 1, '2023-08-07 16:44:18', '2023-08-07 16:44:18'),
(16, 40, 260000, 1, '2023-08-07 16:44:18', '2023-08-07 16:44:18'),
(16, 38, 93000, 1, '2023-08-07 16:44:18', '2023-08-07 16:44:18'),
(17, 43, 140000, 1, '2023-08-07 16:44:32', '2023-08-07 16:44:32'),
(17, 42, 90000, 1, '2023-08-07 16:44:32', '2023-08-07 16:44:32'),
(17, 41, 139000, 1, '2023-08-07 16:44:32', '2023-08-07 16:44:32'),
(17, 40, 260000, 1, '2023-08-07 16:44:32', '2023-08-07 16:44:32'),
(17, 39, 300000, 1, '2023-08-07 16:44:32', '2023-08-07 16:44:32'),
(18, 33, 83500, 1, '2023-08-07 16:44:50', '2023-08-07 16:44:50'),
(18, 32, 85000, 1, '2023-08-07 16:44:50', '2023-08-07 16:44:50'),
(18, 34, 160000, 1, '2023-08-07 16:44:50', '2023-08-07 16:44:50'),
(19, 3, 495000, 1, '2023-08-07 16:45:14', '2023-08-07 16:45:14'),
(19, 4, 19500, 2, '2023-08-07 16:45:14', '2023-08-07 16:45:14'),
(19, 6, 88000, 1, '2023-08-07 16:45:14', '2023-08-07 16:45:14'),
(20, 42, 90000, 1, '2023-08-07 16:47:47', '2023-08-07 16:47:47'),
(20, 41, 139000, 2, '2023-08-07 16:47:47', '2023-08-07 16:47:47'),
(20, 39, 300000, 1, '2023-08-07 16:47:47', '2023-08-07 16:47:47'),
(21, 43, 140000, 1, '2023-08-07 20:03:39', '2023-08-07 20:03:39'),
(22, 43, 140000, 1, '2023-08-08 10:24:28', '2023-08-08 10:24:28'),
(23, 43, 140000, 1, '2023-08-08 10:24:58', '2023-08-08 10:24:58'),
(24, 43, 140000, 3, '2023-08-11 15:46:43', '2023-08-11 15:46:43'),
(24, 42, 90000, 26, '2023-08-11 15:46:43', '2023-08-11 15:46:43'),
(25, 42, 90000, 1, '2023-09-09 23:52:47', '2023-09-09 23:52:47'),
(26, 43, 140000, 1, '2023-09-13 16:30:04', '2023-09-13 16:30:04'),
(27, 43, 140000, 1, '2023-10-14 15:50:22', '2023-10-14 15:50:22'),
(28, 43, 140000, 1, '2023-10-17 00:36:00', '2023-10-17 00:36:00'),
(29, 43, 140000, 1, '2023-10-17 00:37:08', '2023-10-17 00:37:08'),
(30, 38, 93000, 1, '2023-10-18 18:55:08', '2023-10-18 18:55:08'),
(31, 42, 2222, 1, '2023-10-30 20:49:45', '2023-10-30 20:49:45'),
(32, 43, 140000, 73, '2024-01-01 20:57:56', '2024-01-01 20:57:56'),
(32, 42, 90000, 3, '2024-01-01 20:57:56', '2024-01-01 20:57:56'),
(32, 41, 139000, 1, '2024-01-01 20:57:56', '2024-01-01 20:57:56'),
(32, 38, 93000, 1, '2024-01-01 20:57:56', '2024-01-01 20:57:56'),
(32, 39, 300000, 1, '2024-01-01 20:57:56', '2024-01-01 20:57:56'),
(32, 40, 260000, 1, '2024-01-01 20:57:56', '2024-01-01 20:57:56'),
(32, 37, 160000, 1, '2024-01-01 20:57:56', '2024-01-01 20:57:56'),
(32, 36, 250000, 1, '2024-01-01 20:57:56', '2024-01-01 20:57:56'),
(32, 35, 289000, 1, '2024-01-01 20:57:56', '2024-01-01 20:57:56'),
(32, 34, 160000, 1, '2024-01-01 20:57:56', '2024-01-01 20:57:56'),
(32, 33, 83500, 1, '2024-01-01 20:57:56', '2024-01-01 20:57:56'),
(32, 32, 100000, 1, '2024-01-01 20:57:56', '2024-01-01 20:57:56'),
(32, 31, 170000, 1, '2024-01-01 20:57:56', '2024-01-01 20:57:56'),
(32, 30, 88000, 1, '2024-01-01 20:57:56', '2024-01-01 20:57:56'),
(32, 29, 500000, 1, '2024-01-01 20:57:56', '2024-01-01 20:57:56'),
(32, 27, 25000, 1, '2024-01-01 20:57:56', '2024-01-01 20:57:56'),
(32, 26, 600000, 1, '2024-01-01 20:57:56', '2024-01-01 20:57:56');

-- --------------------------------------------------------

--
-- Table structure for table `password_reset_tokens`
--

CREATE TABLE `password_reset_tokens` (
  `email` varchar(255) NOT NULL,
  `token` varchar(255) NOT NULL,
  `created_at` timestamp NULL DEFAULT NULL
) ENGINE=InnoDB DEFAULT CHARSET=utf8mb4 COLLATE=utf8mb4_unicode_ci;

--
-- Dumping data for table `password_reset_tokens`
--

INSERT INTO `password_reset_tokens` (`email`, `token`, `created_at`) VALUES
('nhan2095a@gmail.com', '$2y$10$fxXQkvl/p4gxxM8g4GwaI.91D8GX9bGyOXa4aFT9AXnrVcDlcFgfq', '2023-08-08 10:47:28');

-- --------------------------------------------------------

--
-- Table structure for table `payments`
--

CREATE TABLE `payments` (
  `id` bigint(20) UNSIGNED NOT NULL,
  `payment_name` varchar(200) NOT NULL,
  `description` text DEFAULT NULL,
  `created_at` timestamp NULL DEFAULT NULL,
  `updated_at` timestamp NULL DEFAULT NULL
) ENGINE=InnoDB DEFAULT CHARSET=utf8mb4 COLLATE=utf8mb4_unicode_ci;

--
-- Dumping data for table `payments`
--

INSERT INTO `payments` (`id`, `payment_name`, `description`, `created_at`, `updated_at`) VALUES
(1, 'Thanh toán khi nhận hàng', 'Bạn vui kiểm tra hàng và thanh toán khi nhận hàng.', '2023-07-19 13:02:44', '2023-07-19 13:02:44'),
(2, 'Chuyển khoản ngân hàng', 'Bạn vui lòng chuyển khoản thanh toán và kiểm tra trạng thái đơn hàng của mình.', '2023-07-19 13:02:44', '2023-07-19 13:02:44'),
(3, 'PayPal', 'Bạn vui lòng chuyển khoản thanh toán và kiểm tra trạng thái đơn hàng của mình.', '2023-07-19 13:02:44', '2023-07-19 13:02:44');

-- --------------------------------------------------------

--
-- Table structure for table `personal_access_tokens`
--

CREATE TABLE `personal_access_tokens` (
  `id` bigint(20) UNSIGNED NOT NULL,
  `tokenable_type` varchar(255) NOT NULL,
  `tokenable_id` bigint(20) UNSIGNED NOT NULL,
  `name` varchar(255) NOT NULL,
  `token` varchar(64) NOT NULL,
  `abilities` text DEFAULT NULL,
  `last_used_at` timestamp NULL DEFAULT NULL,
  `expires_at` timestamp NULL DEFAULT NULL,
  `created_at` timestamp NULL DEFAULT NULL,
  `updated_at` timestamp NULL DEFAULT NULL
) ENGINE=InnoDB DEFAULT CHARSET=utf8mb4 COLLATE=utf8mb4_unicode_ci;

-- --------------------------------------------------------

--
-- Table structure for table `posts`
--

CREATE TABLE `posts` (
  `id` bigint(20) UNSIGNED NOT NULL,
  `title` varchar(255) NOT NULL,
  `description` text NOT NULL,
  `content` longtext NOT NULL,
  `img_post` varchar(200) NOT NULL,
  `user_post_id` bigint(20) UNSIGNED NOT NULL,
  `category_id` bigint(20) UNSIGNED NOT NULL DEFAULT 2,
  `comment_count` int(11) NOT NULL DEFAULT 0,
  `slug` varchar(255) NOT NULL,
  `status` tinyint(1) NOT NULL DEFAULT 1,
  `created_at` timestamp NULL DEFAULT NULL,
  `updated_at` timestamp NULL DEFAULT NULL
) ENGINE=InnoDB DEFAULT CHARSET=utf8mb4 COLLATE=utf8mb4_unicode_ci;

--
-- Dumping data for table `posts`
--

INSERT INTO `posts` (`id`, `title`, `description`, `content`, `img_post`, `user_post_id`, `category_id`, `comment_count`, `slug`, `status`, `created_at`, `updated_at`) VALUES
(1, 'Bí quyết giúp bạn chăm sóc chó cưng khỏe mạnh', 'Bí quyết chăm sóc chó cưng khỏe mạnh.', '<h2><span style=\"color:rgb(0,0,0);\">Việc nuôi chó cảnh đang trở nên rất phổ biến trong cộng đồng giới trẻ ngày nay. Thế nhưng cuộc sống hiện đại khiến bạn bận rộn với đủ thứ việc, vì thế việc chăm sóc cún cưng có chút khó khăn. Bài viết dưới đây sẽ giúp bạn có thêm những kinh nghiệm chăm sóc để chú chó của nhà bạn luôn khỏe mạnh, năng động!</span></h2><p>&nbsp;</p><h2><strong>1. Không gian sống sạch sẽ</strong></h2><p>Chỗ ở luôn là vấn đề mà bạn cần chú ý bởi môi trường không sạch sẽ khiến các vi trùng, vi khuẩn gây bệnh ảnh hưởng đến sức khỏe của chúng. Vì thế bạn cần vệ sinh, dọn dẹp không gian của cún cưng nhà mình hàng ngày cũng như tắm rửa cho chúng thường xuyên để chúng luôn được khỏe mạnh.</p><h2><strong>2. Đảm bảo cung cấp đầy đủ nước uống</strong></h2><p>Bạn luôn phải cho chó uống đủ nước sạch. Một mẹo chăm sóc chó cơ bản mà bạn cần biết là: không nên chọn bát đựng nước bằng nhựa mà hãy chọn bát thép không gỉ. Bởi bát thép bền hơn nhựa và cũng ít vi khuẩn tích tụ hơn.</p><figure class=\"image\"><img src=\"https://fusiongroup.vn/upload/file/thumb_800x0/bi-quyet-cham-soc-cho-1641267052.jpg\" alt=\"bi-quyet-cham-soc-cho-1641267052.jpg\"></figure><p style=\"text-align:center;\"><i>Bí quyết chăm sóc chó cưng</i></p><h2><strong>3. Chế độ dinh dưỡng và khẩu phần ăn</strong></h2><p>Để chó cưng khỏe mạnh thì chế độ dinh dưỡng và khẩu phần ăn hàng ngày vô cùng quan trọng. Chế độ ăn uống hợp lý giúp cải thiện chất lượng cuộc sống của chúng và ngăn ngừa bệnh tật như: béo phì, còi cọc, vấn đề về xương khớp, tim mạch,… &nbsp;Những loại thức ăn cho chó bán sẵn ở các cửa hàng có thể cung cấp đủ tất cả dinh dưỡng cần thiết cho người bạn lông lá của chúng ta.</p><p>Tuy nhiên bạn cần lưu ý khẩu phần ăn của chúng dựa trên giống chó, cân nặng, kích thước, độ tuổi, mức độ vận động.</p><h2><strong>4. Thăm khám sức khỏe định kỳ</strong></h2><p>Đưa thú cưng của bạn tới gặp bác sĩ thú y để kiểm tra sức khỏe định kỳ, tiêm phòng, tẩy giun sán và phòng ngừa kí sinh trùng hoặc khi bạn nhận thấy chúng xuất hiện những hành vi bất thường và các dấu hiệu bị bệnh. Đôi khi những bệnh nhẹ có thể sẽ tự khỏi, thế nhưng nếu chó mắc phải những tình trạng nghiêm trọng hơn thì bạn không nên chủ quan và hãy tham khảo ý kiến ​​bác sĩ thú y nhé.</p><p>Một số loại thuốc không thể thiếu khi chăm sóc chó cưng nhà bạn như thuốc tẩy giun sán; thuốc trị ghẻ, nấm; thuốc trị viêm tai &amp; ngoại ký sinh trùng,, phòng ngừa bọ…</p><h2><strong>5. Tập thể dục rèn luyện sức khỏe</strong></h2><p>Chó là loài vật năng động, thích chạy nhảy, đuổi bắt. Việc tập thể dục thường xuyên không chỉ giúp chó đốt cháy calo, tăng cường&nbsp;sức khỏe mà còn giúp chó hạn chế những hành vi phá phách do không được vận động.</p><p>Bạn nên sắp xếp thời gian hoạt động của chó cưng sao cho phù hợp, nhất là với quỹ thời gian rảnh rỗi eo hẹp, bạn có thể đưa chúng đi dạo, vui chơi ngay khu vực sống của mình.</p><figure class=\"image\"><img src=\"https://fusiongroup.vn/upload/file/thumb_800x0/cach-cham-soc-cho-1641267160.png\" alt=\"cach-cham-soc-cho-1641267160.png\"></figure><p style=\"text-align:center;\"><i>Cách chăm sóc chó đúng cách</i></p><h2><strong>6. Huấn luyện chó</strong></h2><p>Chó ở mọi lứa tuổi, giống loài đều phải được huấn luyện từ những việc đơn giản nhưng lại rất hữu ích. Huấn luyện cho chó không chỉ là dạy thú cưng của bạn một vài thủ thuật và mệnh lệnh. Mà còn là việc học các kỹ năng quan trọng trong cuộc sống, cách giao tiếp với xã hội và hạn chế những hành vi xấu.</p><p>Các chuyên gia thú cưng luôn khuyên chúng ta nên cùng chó tham gia các lớp học huấn luyện để mối quan hệ giữa chủ và chó trở nên khăng khít hơn.</p><h2><strong>7. Vấn đề sinh sản của chó</strong></h2><p>Nếu bạn có ý định tạo ra những chú cún con hoặc thiến (với chó đực) thì có thể tiến hành phương thức triệt sản. Việc này có tác dụng giảm thiểu nguy cơ rối loạn sức khỏe như là ưng thư vú, bệnh tuyến tiền liệt, ngăn sự hung hăng của chó đực,… Song bạn nên tham khảo ý kiến bác sĩ thú y để có sự lựa chọn tốt nhất.</p><h2><strong>8. Chăm sóc sức khỏe</strong></h2><p>- Giữ cho bộ lông luôn sạch sẽ bởi lông bị bẩn có thể khiến chó bị nhiễm các bệnh về da. Nếu giống chó lông quá dài có thể đưa chúng đia cắt tỉa lông gọn gàng. Chó cần tắm rửa thường xuyên, đặc biệt là cún cưng của bạn có tần suất hoạt động mạnh.</p><p>- Chăm sóc răng miệng hàng ngày. Bạn nên đánh răng cho chó của mình, mua cho chúng nhiều loại đồ chơi nhai và cho chó đi khám răng miệng ở chỗ bác sĩ thú y. Ngoài ra, để việc chăm sóc này hiệu quả, hãy kiểm tra xem nướu và lưỡi của chúng thường xuyên.</p><p>- Chân chó thường rất dễ bị tổn thương, nhiều chất bẩn có thể dính vào bàn chân chó cho nên bạn cần giữ chúng sạch sẽ. Hãy rửa chân chó nhẹ nhàng bằng những loại xà phòng chuyên dụng dành cho vật nuôi hoặc cho chúng đi giày nếu bạn thấy chân chúng bị khô hoặc kích ứng.</p><p style=\"text-align:center;\">&nbsp;</p><figure class=\"image\"><img src=\"https://fusiongroup.vn/upload/file/thumb_800x0/cham-soc-cho-khoe-manh-1641267177.jpg\" alt=\"cham-soc-cho-khoe-manh-1641267177.jpg\"></figure><p style=\"text-align:center;\"><i>Chăm sóc chó cưng khỏe mạnh</i></p><h2><strong>9. Vật dụng cần thiết cho chó</strong></h2><p>Để chăm sóc cún cưng toàn diện bạn cũng nên trang bị đầy đủ những đồ dùng thiết yếu cho chúng như:</p><p>- Vòng cổ, bảng tên cho chó để ghi số điện thoại của bạn, phòng trường hợp thất lạc thì khả năng tìm kiếm sẽ cao hơn.</p><p>- Đồ dùng phục vụ cho các hoạt động vui chơi, huấn luyện</p><p>- Lồng vận chuyển, rọ mõm khi đưa cún cưng ra ngoài.</p><p>- Các phụ kiện cho cún cưng: nhà ở, hàng rào, khay lưới vệ sinh,…</p><p>Hi vọng những tips về cách chăm sóc chó của chúng tôi sẽ giúp bạn dễ dàng hơn trong việc nuôi dạy thú cưng của mình. Chó là động vật trung thành và tình cảm với con người vì thế chúng xứng đáng nhận được những điều tốt đẹp từ chúng ta.</p>', 'https://thegioinoithat.website/petscare/public/assets/images/blog/bi-quyet-giup-ban-cham-soc-cho-cung-khoe-manh-1641267288.png', 6, 11, 5, 'bi-quyet-giup-ban-cham-soc-cho-cung-khoe-manh', 1, '2023-07-28 09:51:23', '2023-10-25 17:24:48'),
(2, 'Cách tăng đề kháng cho chó khỏe mạnh (Phần 1)', 'Tăng sức đề kháng cho chó bằng chế độ dinh dưỡng và vận động hợp lý là cách rất tốt và hiệu quả để chó có hàng rào miễn dịch khỏe mạnh.', '<h2 style=\"text-align:justify;\"><span style=\"font-family:Arial, Helvetica, sans-serif;\"><strong>Hiểu về đề kháng của chó</strong></span></h2><p style=\"text-align:justify;\"><span style=\"font-family:Arial, Helvetica, sans-serif;\">Khá giống với con người, sức đề kháng và miễn dịch của chó hình thành ngay từ khi trong bụng mẹ và trong một năm đầu đời. Sức đề kháng giúp bảo vệ cơ thể cơ thể của chó trước sự tấn công của các tác nhân có hại bên ngoài: vi khuẩn, virus hoặc các tác nhân gây bệnh lây truyền trong không khí, nước và môi trường sống. Chó có đề kháng khỏe giúp chống lại khả năng nhiễm trùng, nhiễm bệnh, từ đó có sức khỏe tốt trong những năm tiếp theo.</span></p><p style=\"text-align:justify;\">&nbsp;</p><p style=\"text-align:justify;\"><span style=\"font-family:Arial, Helvetica, sans-serif;\">Bởi vậy, chủ nuôi cần chú ý tăng đề kháng cho chó ngay từ khi vừa sinh và sau khi chó cai sữa để giúp chó khỏe mạnh.</span></p><figure class=\"image\"><img src=\"https://fusiongroup.vn/upload/file/thumb_800x0/cach-tang-de-khang-cho-cho-khoe-manh-1-1672217432.jpg\" alt=\"cach-tang-de-khang-cho-cho-khoe-manh-1-1672217432.jpg\"></figure><p style=\"text-align:center;\"><span style=\"font-family:Arial, Helvetica, sans-serif;\"><i>Tăng sức đề kháng cho chó giúp cún cưng luôn&nbsp;khỏe mạnh.</i></span></p><p style=\"text-align:justify;\"><span style=\"font-family:Arial, Helvetica, sans-serif;\"><strong>Cách tăng đề kháng cho chó khỏe mạnh</strong></span></p><p style=\"text-align:justify;\"><span style=\"font-family:Arial, Helvetica, sans-serif;\">Chó có đề kháng yếu sẽ rất dễ bị bệnh, sẽ có một vài triệu chứng điển hình như: ốm vặt, dễ mệt mỏi chán ăn khi giao mùa hoặc thay đổi thời tiết,…. Dưới đây là những gợi ý giúp bạn tăng đề kháng cho chó để bạn cún luôn khỏe mạnh bất kể mùa nào trong năm.</span></p><h3 style=\"text-align:justify;\"><span style=\"font-family:Arial, Helvetica, sans-serif;\"><strong>1. Tiêm phòng bệnh cho chó</strong></span></h3><p style=\"text-align:justify;\"><span style=\"font-family:Arial, Helvetica, sans-serif;\">Tiêm chủng chính là tăng cường miễn dịch đặc hiệu nhằm tăng sức đề kháng của cơ thể chó với các tác nhân gây bệnh cụ thể đã được dự báo trước/biết trước. Việc tiêm chủng trong năm đầu đời và tiêm nhắc lại mũi bệnh và mũi dại giúp chó có đề kháng khỏe mạnh, tăng cường miễn dịch tự nhiên cho chó.</span></p><figure class=\"image\"><img src=\"https://fusiongroup.vn/upload/file/thumb_800x0/cach-tang-de-khang-cho-cho-khoe-manh-2-1672217546.jpg\" alt=\"cach-tang-de-khang-cho-cho-khoe-manh-2-1672217546.jpg\"></figure><p style=\"text-align:center;\"><span style=\"font-family:Arial, Helvetica, sans-serif;\"><i>Tiêm phòng đầy đủ là cách giúp tăng đề kháng hiệu quả&nbsp;cho chó</i></span></p><p style=\"text-align:justify;\"><span style=\"font-family:Arial, Helvetica, sans-serif;\">Tiêm phòng đầy đủ cũng giúp phòng bệnh, khi chó lỡ mắc phải bệnh thì mức độ bệnh nhẹ nhàng hơn, cũng ít biến chứng hơn.</span></p><h3 style=\"text-align:justify;\"><span style=\"font-family:Arial, Helvetica, sans-serif;\"><strong>2.&nbsp;Dinh dưỡng – yếu tố quan trọng nhất</strong></span></h3><p style=\"text-align:justify;\"><span style=\"font-family:Arial, Helvetica, sans-serif;\">Thức ăn là người bạn quan trọng nhưng lại lặng thầm giúp chó có một cơ thể khỏe mạnh mỗi ngày, đặc biệt là sau khi chó cai sữa mẹ phải tự cung cấp dinh dưỡng cho mình. Chế độ dinh dưỡng chính là yếu tố quan trọng giúp xây dựng hàng rào miễn dịch khỏe, tăng đề kháng cho chó.</span></p><p style=\"text-align:justify;\"><span style=\"font-family:Arial, Helvetica, sans-serif;\">Chế độ dinh dưỡng cho chó cần đảm bảo đủ các nhóm chất: Protein, tinh bột, chất béo, vitamin và khoáng chất.</span></p><p style=\"text-align:justify;\"><span style=\"font-family:Arial, Helvetica, sans-serif;\">Lựa chọn thức ăn dinh dưỡng cho chó hiện tại khá đa dạng, trong đó có Dog Mania – dòng thức ăn dinh dưỡng tăng cường đề kháng cho chó mới nổi gần đây. Đây là sản phẩm được nhập khẩu Hàn Quốc chính ngạch, được phân phối độc quyền bởi Fusion Group – nhà phân phối thức ăn thú cưng và phụ kiện cao cấp uy tín nhiều năm trên thị trường.</span></p><p style=\"text-align:justify;\"><span style=\"font-family:Arial, Helvetica, sans-serif;\">Thức ăn tăng cường đề kháng cho chó Dog Mania có bộ 3 thành phần <strong>Keo ong – Hương thảo – Chiết xuất hạt nho </strong>tạo thành 3 tầng bảo vệ giúp đề kháng vượt trội, xây dựng nền tảng miễn dịch vững vàng:</span></p><ul><li style=\"text-align:justify;\"><span style=\"font-family:Arial, Helvetica, sans-serif;\"><strong>Keo ong (Propolis):</strong> với đặc tính kháng khuẩn, kháng viêm được ứng dụng rộng rãi trong y học như làm thuốc khử trùng, xịt sát trùng họng, trị mụn, trị bỏng,… Keo ong trong thức ăn cho chó Dog Mania giúp kháng nấm, virus, phòng ngừa bệnh, miễn dịch khỏe, cho chó đề kháng vượt trội.</span></li><li style=\"text-align:justify;\"><span style=\"font-family:Arial, Helvetica, sans-serif;\"><strong>Hương thảo (Rosemary):</strong> có đặc tính chống oxy hóa, được mệnh danh là kháng sinh tự nhiên, hương thảo là loại dược liệu tốt có thể giúp cún cưng tăng đề kháng. Đồng thời củng cố hệ miễn dịch tự nhiên và hạn chế mắc bệnh vặt khi giao mùa.</span></li><li style=\"text-align:justify;\"><span style=\"font-family:Arial, Helvetica, sans-serif;\"><strong>Chiết xuất Hạt nho (Grape seeds):</strong> thành phần Oligomeric Proanthocyanidin Complexes (OPCs) trong hạt nho có hoạt tính chống oxy hóa giúp loại bỏ gốc tự do ra khỏi cơ thể, đồng thời giúp kích thích vitamin C tăng cường miễn dịch và đề kháng cho chó..</span></li></ul>', 'https://thegioinoithat.website/petscare/public/assets/images/blog/cach-tang-de-khang-cho-cho-khoe-manh-phan-1-1672217587.png', 6, 11, 1, 'cach-tang-de-khang-cho-cho-khoe-manh-phan-1', 1, '2023-07-28 09:57:15', '2023-09-23 15:30:22'),
(3, 'Cách tăng đề kháng cho chó khỏe mạnh (Phần 2)', 'Chia sẻ những cách tăng đề kháng cho chó hiệu quả, xây dựng hàng rào miễn dịch khỏe mạnh cho cún yêu (phần 2).', '<p><span style=\"color:black;font-family:Arial, Helvetica, sans-serif;\">Ở phần 1, chúng ta đã hiểu về đề kháng của chó giúp bảo vệ cơ thể và chống lại các bệnh thường gặp và 2 cách tăng đề kháng phổ biến nhất là tiêm phòng bệnh và chú ý chế độ dinh dưỡng. Trong phần tiếp theo, chúng tôi chia sẻ về các cách khác bạn có thể áp dụng để cún yêu luôn khoẻ mạnh.</span></p><figure class=\"image\"><img src=\"https://fusiongroup.vn/upload/file/thumb_800x0/fusiongroupvn-cach-tang-de-khang-cho-cho-khoe-manh-phan-2-1-1687761328.jpg\" alt=\"fusiongroupvn-cach-tang-de-khang-cho-cho-khoe-manh-phan-2-1-1687761328.jpg\"></figure><p style=\"text-align:center;\"><span style=\"color:black;font-family:Arial, Helvetica, sans-serif;\"><i>Cách tăng đề kháng cho chó khoẻ mạnh (tiếp)</i></span></p><p><span style=\"color:black;font-family:Arial, Helvetica, sans-serif;\"><strong>Giữ vệ sinh cho chó</strong></span></p><p><span style=\"color:black;font-family:Arial, Helvetica, sans-serif;\">Giống như con người, mỗi ngày chó sẽ tiếp xúc với rất rất nhiều bụi bẩn, vi khuẩn. Trong từng vật dụng hoặc cây cối, không gian chó sống trong đều tiềm ẩn những loại vi khuẩn, ký sinh trùng gây ra bệnh ở chó. Vì vậy, hãy giữ vệ sinh cho chó bằng một số cách sau:</span></p><ul><li><span style=\"color:black;font-family:Arial, Helvetica, sans-serif;\">Tắm cho chó thường xuyên, 1-2 lần/tuần</span></li><li><span style=\"color:black;font-family:Arial, Helvetica, sans-serif;\">Vệ sinh nơi ở, bát ăn, đồ chơi của chó sạch sẽ. Nên vệ sinh hàng tuần hoặc 1-2 lần/tuần.</span></li><li><span style=\"color:black;font-family:Arial, Helvetica, sans-serif;\">Giữ vệ sinh không gian xung quanh</span></li></ul><p><span style=\"color:black;font-family:Arial, Helvetica, sans-serif;\">Chó mèo sạch sẽ và được giữ vệ sinh sẽ khoẻ mạnh, nhưng việc quá sạch sẽ có thể khiến việc tăng đề kháng của chó không đạt được mong muốn của bạn. Miễn dịch của chó có thể còn yếu hơn, vì vậy hãy cân nhắc một chế độ vệ sinh phù hợp và cân bằng với thời gian bạn có thể dành ra đều đặn hàng tuần.</span></p><p><span style=\"color:black;font-family:Arial, Helvetica, sans-serif;\">Với các bạn cún còn nhỏ cần tập đi vệ sinh, bạn có thể sử dụng các miếng lót vệ sinh để dạy chó vệ sinh sạch sẽ và đúng chỗ. Tham khảo: Miếng lót vệ sinh Purmi – sản phẩm nhập khẩu chính hãng Hàn Quốc được các bạn cún yêu thích.</span></p><p>&nbsp;</p><p><span style=\"color:black;font-family:Arial, Helvetica, sans-serif;\"><strong>Chú ý nơi ở của chó</strong></span></p><p><span style=\"color:black;font-family:Arial, Helvetica, sans-serif;\">Nơi ở của chó nên được vệ sinh sạch sẽ như vừa đề cập. Ngoài ra, mỗi mùa thay đổi cần chú ý đến nơi ở của chó phù hợp.</span></p><ul><li><span style=\"color:black;font-family:Arial, Helvetica, sans-serif;\">Mùa nóng đảm bảo thoáng mát, không sử dụng đệm để tránh bị nóng và bí bức. Những ngày hè quá nóng, nên bật thêm quạt hoặc điều hoà để chó không bị say nóng. Nếu bạn đi làm cả ngày và chỉ có thú cưng ở nhà, có thể cân nhắc bật quạt/điều hoà nhưng cần đảm bảo an toàn tránh xảy ra chập điện/cháy nổ đáng tiếc. Có thể sử dụng camera để quan sát từ xa và tìm các phương án hỗ trợ thú cưng trước những rủi ro.</span></li><li><span style=\"color:black;font-family:Arial, Helvetica, sans-serif;\">Mùa lạnh đảm bảo không gian nơi ở ấm áp nhưng không được quá kín khí. Có đệm ngủ và tránh gió để chó không bị quá lạnh.</span></li></ul><figure class=\"image\"><img src=\"https://fusiongroup.vn/upload/file/thumb_800x0/fusiongroupvn-cach-tang-de-khang-cho-cho-khoe-manh-phan-2-2-1687761431.jpg\" alt=\"fusiongroupvn-cach-tang-de-khang-cho-cho-khoe-manh-phan-2-2-1687761431.jpg\"></figure><p><span style=\"color:black;font-family:Arial, Helvetica, sans-serif;\"><strong>Cho chó đi khám bệnh định kỳ</strong></span></p><p><span style=\"color:black;font-family:Arial, Helvetica, sans-serif;\">Khi bị ốm hoặc bị thương bạn sẽ đưa chó đi khám nhưng như vậy chỉ tập trung vào các triệu chứng cụ thể. Bên cạnh việc tiêm phòng đầy đủ để tăng đề kháng cho chó, tạo hệ miễn dịch khoẻ mạnh, hãy đưa chó đi khám bệnh định kỳ để tầm soát các bệnh có thể phát sinh.</span></p><p><span style=\"color:black;font-family:Arial, Helvetica, sans-serif;\">Kiểm tra sức khoẻ tổng thể có thể phát hiện ra các bệnh hoặc thay đổi về thể chất, đặc biệt là khi chó trưởng thành và bắt đầu nhiều tuổi hơn, một số bệnh có thể kể là: thoái hoá khớp, bệnh về răng miệng, bệnh liên quan tới thận, bàng quang,…</span></p><p>&nbsp;</p><p><span style=\"color:black;\"><strong>Sử dụng thực phẩm bổ sung sức khoẻ</strong></span></p><p><span style=\"color:black;font-family:Arial, Helvetica, sans-serif;\">Trên thị trường có nhiều loại thực phẩm bổ sung dinh dưỡng cho chó: vitamin, gel dinh dưỡng, thịt cá sấy, pate,… Bạn có thể sử dụng một vài loại để bổ sung cho chó theo giai đoạn phát triển và độ tuổi của chó để tăng sức khoẻ cho chó. Trước khi sử dụng bạn có thể tham khảo ý kiến của bác sĩ thú y hoặc tìm hiểu kỹ về thành phần dinh dưỡng, giá trị dinh dưỡng và công dụng mà sản phẩm mang lại cho cún cưng.</span></p><p><span style=\"color:black;font-family:Arial, Helvetica, sans-serif;\">Ngoài ra, những tiêu chuẩn chất lượng mà sản phẩm đó mang lại cũng rất quan trọng bởi điều đó nói lên sự tuân thủ nghiêm ngặt của nhà sản xuất về lựa chọn nguyên liệu, chế biến, đóng gói cho đến khi xuất xưởng.</span></p><p><span style=\"color:black;font-family:Arial, Helvetica, sans-serif;\">Bạn có thể cân nhắc chọn các sản phẩm thức ăn có sẵn các thành phần dinh dưỡng cao cấp và giá trị dinh dưỡng cao, phù hợp với túi tiền cũng như mang lại công dụng tốt cho sức khoẻ, tăng cường đề kháng cho chó.</span></p><p><span style=\"color:black;font-family:Arial, Helvetica, sans-serif;\">Fusion Group mới ra mắt <strong>hạt thức ăn bổ sung dinh dưỡng Shakeat Dog</strong> – dành cho chó mọi lứa. Sản phẩm có chứa 2.5 tỷ lợi khuẩn giúp cún cưng:</span></p><ul><li><span style=\"color:black;font-family:Arial, Helvetica, sans-serif;\">Tăng đường đề kháng</span></li><li><span style=\"color:black;font-family:Arial, Helvetica, sans-serif;\">Hỗ trợ tiêu hoá khoẻ, tăng hấp thu dinh dưỡng</span></li><li><span style=\"color:black;font-family:Arial, Helvetica, sans-serif;\">Ức chế vi khuẩn có hại trong đường ruột</span></li><li><span style=\"color:black;font-family:Arial, Helvetica, sans-serif;\">Cải thiện tình trạng phân</span></li><li><span style=\"color:black;font-family:Arial, Helvetica, sans-serif;\">Hỗ trợ miễn dịch khoẻ mạnh</span></li></ul><figure class=\"image\"><img src=\"https://fusiongroup.vn/upload/file/thumb_800x0/fusiongroupvn-cach-tang-de-khang-cho-cho-khoe-manh-phan-2-3-1687761512.png\" alt=\"fusiongroupvn-cach-tang-de-khang-cho-cho-khoe-manh-phan-2-3-1687761512.png\"></figure><p><span style=\"color:black;font-family:Arial, Helvetica, sans-serif;\">Shakeat Dog có 4 hương vị rất hấp dẫn với cún cưng</span></p><ol><li><span style=\"color:black;font-family:Arial, Helvetica, sans-serif;\">Shakeat Dog – Thịt ức gà</span></li><li><span style=\"color:black;font-family:Arial, Helvetica, sans-serif;\">Shakeat Dog – Thịt vịt</span></li><li><span style=\"color:black;font-family:Arial, Helvetica, sans-serif;\">Shakeat Dog – Thịt ngựa</span></li><li><span style=\"color:black;font-family:Arial, Helvetica, sans-serif;\">Shakeat Dog – Gan gà</span></li></ol><p><span style=\"color:black;font-family:Arial, Helvetica, sans-serif;\"><strong>Chế độ vận động hợp lý</strong></span></p><p><span style=\"color:black;font-family:Arial, Helvetica, sans-serif;\">Bên cạnh chế độ dinh dưỡng, các biện pháp tăng cường đề kháng khác ở chó, rất cần có chế độ vận động hợp lý cho thú cưng. Chủ nuôi phải lựa theo độ tuổi, cân nặng và nhu cầu vận động của thú cưng để dành thời gian vận động và các hoạt động phù hợp. Ví dụ chế độ vận động của một bạn Poodle hay Chihuahua sẽ khác thời gian và chế độ vận động của bạn Husky, Corgi.</span></p><figure class=\"image\"><img src=\"https://fusiongroup.vn/upload/file/thumb_800x0/fusiongroupvn-cach-tang-de-khang-cho-cho-khoe-manh-phan-2-4-1687761576.jpg\" alt=\"fusiongroupvn-cach-tang-de-khang-cho-cho-khoe-manh-phan-2-4-1687761576.jpg\"></figure><p><span style=\"color:black;font-family:Arial, Helvetica, sans-serif;\">Dù thế, hãy dành thời gian hàng ngày cho chó đi dạo để giúp chó có tinh thần thoải mái, tránh căng thẳng và còn là thời gian gắn kết giữa chó và chủ nuôi bạn nhé.</span></p><p><span style=\"color:black;font-family:Arial, Helvetica, sans-serif;\">Nếu có thêm câu hỏi về cách tăng đề kháng cho chó, vui lòng để lại tin nhắn cho Fusion Group nhé. Chúng tôi sẽ chia sẻ thêm về cách chăm sóc thú cưng luôn khoẻ mạnh giúp chúng luôn vui vẻ và năng động bên chủ nuôi.</span></p>', 'https://thegioinoithat.website/petscare/public/assets/images/blog/cach-tang-de-khang-cho-cho-khoe-manh-phan-2-1687761589.png', 6, 11, 0, 'cach-tang-de-khang-cho-cho-khoe-manh-phan-2', 1, '2023-07-28 10:02:45', '2023-07-28 10:07:59'),
(4, 'CÁCH CHỌN KHAY VỆ SINH CHO THÚ CƯNG PHÙ HỢP', 'Chọn khay vệ sinh phù hợp cho thú cưng là yếu tố quan trọng để giúp chó mèo đi vệ sinh đúng chỗ và đảm bảo sạch sẽ cho không gian nhà bạn', '<p style=\"text-align:justify;\"><span style=\"font-family:Arial, Helvetica, sans-serif;\"><i>Khay vệ sinh là phụ kiện không thể thiếu đối với những ai đang nuôi chó mèo. Việc lựa chọn một chiếc khay phù hợp vừa giúp thú cưng đi vệ sinh đúng chỗ, vừa giúp chủ nuôi tiết kiệm thời gian và công sức để dọn dẹp. Cùng tham khảo các gợi ý chọn khay vệ sinh chó mèo được bác sĩ thú y khuyên dùng nhé!</i></span></p><h2 style=\"text-align:justify;\"><span style=\"font-family:Arial, Helvetica, sans-serif;\"><strong>Cách chọn khay vệ sinh cho chó</strong></span></h2><h2 style=\"text-align:justify;\">Chọn kích thước khay vệ sinh phù hợp</h2><h2 style=\"text-align:justify;\"><span style=\"font-family:Arial, Helvetica, sans-serif;\">Tiêu chí đầu tiên chính là kích thước khay. Cún cưng sẽ thoải mái vệ sinh trong chiếc khay phù hợp với mình. Hãy lưu ý tới giống chó và cân nặng của để chọn khay vệ sinh.&nbsp;</span></h2><h2 style=\"text-align:justify;\"><span style=\"font-family:Arial, Helvetica, sans-serif;\">Đối với chó có trọng lượng nhỏ hơn 15kg thì nên lựa chọn khay nhỏ kích thước 50cm x 40cm (chiều dài x chiều rộng). Còn đối với giống chó lớn thì nên chọn loại khay có kích thước lớn hơn, vật liệu chắc chắn để chịu được cân nặng của chúng.</span><br>&nbsp;</h2><figure class=\"image\"><img src=\"https://fusiongroup.vn/upload/file/thumb_800x0/fusiongroupvn-cach-chon-khay-ve-sinh-cho-thu-cung-phu-hop-1-1689844678.jpg\" alt=\"fusiongroupvn-cach-chon-khay-ve-sinh-cho-thu-cung-phu-hop-1-1689844678.jpg\"></figure><p style=\"text-align:center;\"><i>Kích thước khay vệ sinh dành cho chó</i></p><h2 style=\"text-align:justify;\"><span style=\"font-family:Arial, Helvetica, sans-serif;\">Một tip nho nhỏ là bạn nên chọn khay dựa vào cân nặng của cún cưng khi trưởng thành chứ không phải trọng lượng hiện tại. Vì khi cún cưng lớn lên, bạn sẽ phải tốn thêm chi phí để mua thêm một chiếc khay mới.</span></h2><h2 style=\"text-align:justify;\">Chọn khay vệ sinh theo giới tính</h2><h2 style=\"text-align:justify;\"><span style=\"font-family:Arial, Helvetica, sans-serif;\">Nghe có vẻ lạ nhưng bởi vì cún cái và cún đực có hai kiểu đi tè khác nhau nên giới tính cũng là yếu tố cần được cân nhắc khi chọn khay vệ sinh. Đối với con đực: chúng hay tìm vật trụ, sau đó nhấc một chân lên và tè vào vật đó. Đối với con cái: chúng chỉ nhún chân và ngồi xổm để tè.</span></h2><h2 style=\"text-align:justify;\"><span style=\"font-family:Arial, Helvetica, sans-serif;\">Do đó, nếu nuôi cún đực thì khay vệ sinh có thành cao cùng thiết kế có cọc nhựa sẽ giúp chúng đi vệ sinh dễ dàng và tiện lợi hơn. Còn với cún cái, bạn có thể mua khay thành thấp hay cao đều được và cọc không quá cần thiết trong trường hợp này.</span></h2><h2 style=\"text-align:justify;\">Chọn kiểu khay</h2><h2 style=\"text-align:justify;\"><span style=\"font-family:Arial, Helvetica, sans-serif;\"><strong>Khay vệ sinh lưới:</strong> bề mặt lưới thông thoáng khi cún đi vệ sinh, chất thải sẽ thấm qua lưới giúp năng chặn việc bị dính vào chân thú cưng. Có thể tháo rời sản phẩm để vệ sinh một cách dễ dàng, có thể sử dụng đồng thời với tấm lót vệ sinh.</span></h2><figure class=\"image\"><img src=\"https://fusiongroup.vn/upload/file/thumb_800x0/fusiongroupvn-cach-chon-khay-ve-sinh-cho-thu-cung-phu-hop-2-1689844769.png\" alt=\"fusiongroupvn-cach-chon-khay-ve-sinh-cho-thu-cung-phu-hop-2-1689844769.png\"></figure><h2 style=\"text-align:center;\"><span style=\"font-family:Arial, Helvetica, sans-serif;\"><i>Khay vệ sinh lưới dành cho chó Purmi</i></span></h2><h2 style=\"text-align:justify;\"><span style=\"font-family:Arial, Helvetica, sans-serif;\"><strong>Khay vệ sinh dùng cát: </strong>Mẫu khay này có hình dáng giống một chiếc chậu để bạn có thể đổ cát vệ sinh vào trong đó. Khi cún đi vệ sinh, cát sẽ hút nước tiểu và chất thải. Tuy nhiên, khay loại này không đảm bảo sạch sẽ bảo cún có thể dẫm chân vào phần cát bẩn. Loại khay này cũng không phù hợp đối với những giống chó nghịch ngợm và thích đào bới.</span><br><span style=\"font-family:Arial, Helvetica, sans-serif;\"><strong>Cách chọn khay vệ sinh cho mèo</strong></span></h2><h2 style=\"text-align:justify;\">Chọn khay có kích thước phù hợp</h2><h2 style=\"text-align:justify;\"><span style=\"font-family:Arial, Helvetica, sans-serif;\">Kích thước lý tưởng của khay vệ sinh là gấp rưỡi chiều dài của mèo để đảm bảo đủ không gian để mèo xoay người. Đồng thời nên chọn khay có thiết kế sâu lòng để hạn chế rơi vãi cát ra ngoài cũng như tạo không gian ấm áp, mềm mại giúp mèo cưng đi vệ sinh thoải mái hơn.</span></h2><figure class=\"image\"><img src=\"https://fusiongroup.vn/upload/file/thumb_800x0/fusiongroupvn-cach-chon-khay-ve-sinh-cho-thu-cung-phu-hop-3-1689844841.png\" alt=\"fusiongroupvn-cach-chon-khay-ve-sinh-cho-thu-cung-phu-hop-3-1689844841.png\"></figure><p style=\"text-align:center;\"><i>Khay vệ sinh dành cho mèo Purmi</i></p><h2 style=\"text-align:justify;\">Chọn kiểu khay</h2><h2 style=\"text-align:justify;\"><span style=\"font-family:Arial, Helvetica, sans-serif;\">Hiện nay có hai loại khay vệ sinh cho mèo là khay vệ sinh hở và nhà vệ sinh kín. Đối với những chú mèo không thích bị gò bó khi đi vệ sinh thì khay hở sẽ là sự lựa chọn phù hợp. Ngược lại, những chú mèo muốn có sự riêng tư khi giải quyết nỗi niềm thì nhà vệ sinh kín sẽ giúp mèo thoải mái khi đi vệ sinh hơn.</span></h2><figure class=\"image\"><img src=\"https://fusiongroup.vn/upload/file/thumb_800x0/fusiongroupvn-cach-chon-khay-ve-sinh-cho-thu-cung-phu-hop-4-1689844851.png\" alt=\"fusiongroupvn-cach-chon-khay-ve-sinh-cho-thu-cung-phu-hop-4-1689844851.png\"></figure><h2 style=\"text-align:center;\"><i>Khay vệ sinh dành cho mèo Purmi</i></h2><h2 style=\"text-align:justify;\"><span style=\"font-family:Arial, Helvetica, sans-serif;\">Ngoài ra, bạn cần lưu ý đến thành khay để mèo của bạn cần cảm thấy dễ dàng khi ra vào. Nếu mèo của bạn đã còn nhỏ hoặc chân bị yếu, nên chọn loại khay có cửa ra vào không quá cao. Như vậy sẽ tránh được tình trạng mèo vì không vào được khay mà đi vệ sinh bên ngoài.</span></h2>', 'https://thegioinoithat.website/petscare/public/assets/images/blog/cach-chon-khay-ve-sinh-cho-thu-cung-phu-hop-1689845155.png', 6, 11, 0, 'cach-chon-khay-ve-sinh-cho-thu-cung-phu-hop', 1, '2023-07-28 10:12:06', '2023-07-28 10:12:06'),
(5, 'CHẾ ĐỘ DINH DƯỠNG CHO MÈO MÀ BẠN CẦN BIẾT', 'Nhu cầu dinh dưỡng của mèo biến đổi trong suốt quá trình chúng phát triển. Lượng thức ăn mèo cần mỗi ngày phụ thuộc vào nhiều yếu tố khác nhau', '<p>Nhiều người vẫn thắc mắc vậy khẩu phần ăn cho mèo như thế nào mới là tốt nhất vừa giúp mèo phát triển, vừa giảm nguy cơ mắc bệnh trong quá trình nuôi dưỡng và chăm sóc? Hãy cùng tham khảo thông tin qua bài viết dưới đây nhé.</p><h2><strong>1. Dinh dưỡng cho mèo con từ 0 đến 12 tháng tuổi</strong></h2><p>Mèo con&nbsp;sau khi sinh ra hoàn toàn phụ thuộc vào mèo mẹ và chúng thường không mở mắt cho đến 7 đến 10 ngày. Khoảng 3-4 tuần tuổi, chúng bắt đầu ăn thức ăn đặc và mọc răng. Quá trình cai sữa mẹ và chuyển từ sữa sang thức ăn ướt&nbsp;của mèo con cũng trong giai đoạn này. Đến khi mèo đủ 6 – 9 tuần tuổi thì chúng sẽ bắt đầu thích những loại thức ăn cứng hơn.</p><p>Đây là lúc bạn chuẩn bị một số thức ăn hạt khô cho mèo con. Nên chia thành các bữa ăn nhỏ và cho mèo ăn 5-6 lần/ngày.&nbsp;Ngoài ra, bạn cũng có thể chọn thực phẩm tươi có hàm lượng nước cao. Thức ăn tươi cho mèo thường chứa 75% thành phần nước, đây là chất bổ sung rất cần thiết.</p><p>Trong giai đoạn ăn dặm và sau ăn dặm, không phải lúc nào chủ nuôi cũng có thể chuẩn bị một bữa ăn chỉnh chu cho mèo. Do vậy, bạn cho mèo con ăn những thức ăn sẵn của các hãng uy tín, chất lượng. Các loại thức ăn này đã được nhà sản xuất tính toán chi tiết hàm lượng dinh dưỡng với tỉ lệ phù hợp với hệ tiêu hóa của mèo.</p><p>Toàn bộ quá trình chuyển đổi này cần có sự cân bằng dinh dưỡng giữa mèo con và mèo mẹ cũng như sự kiên nhẫn của người nuôi. Mèo con&nbsp;đòi hỏi một chế độ kiêng ăn nhiều&nbsp;calo, và cần chứa nhiều&nbsp;protein&nbsp;hơn chế độ ăn của mèo trưởng thành.</p><figure class=\"image\"><img src=\"https://fusiongroup.vn/upload/file/thumb_800x0/che-do-dinh-duong-cho-meo-con-1640658506.png\" alt=\"che-do-dinh-duong-cho-meo-con-1640658506.png\"></figure><p style=\"text-align:center;\"><i>Chế độ dinh dưỡng cho mèo con</i></p><h2><strong>2. Dinh dưỡng cho mèo trưởng thành</strong></h2><p>Mèo trưởng thành cần chế độ ăn bổ dưỡng và cân bằng để duy trì cân nặng và sức khoẻ. Trong giai đoạn này, đường tiêu hoá của mèo đã hoàn thiện. Tùy thuộc vào tình trạng cân nặng, sức khỏe, mức hoạt động của mèo mà bạn có thể quyết định khẩu phần ăn hàng ngày cho chúng. Bạn có thể tham khảo mức năng lượng tiêu chuẩn: một chú mèo trưởng thành với cân nặng trung bình sẽ cần khoảng 250 Calo/ ngày để duy trì sức khoẻ.</p><p>Điều cần lưu ý nhất vẫn là lượng nước cung cấp cho mèo do mèo uống nước khá ít. Vì thế, dùng cách sử dụng thức ăn kết hợp với nước để bổ sung nước cho mèo là rất quan trọng. Nếu bạn chỉ dùng thức ăn khô cho mèo thì rất dễ phát sinh những căn bệnh liên quan đến đường tiết niệu.</p><figure class=\"image\"><img src=\"https://fusiongroup.vn/upload/file/thumb_800x0/che-do-dinh-duong-cho-meo-truong-thanh-1640658537.png\" alt=\"che-do-dinh-duong-cho-meo-truong-thanh-1640658537.png\"></figure><p style=\"text-align:center;\"><i>Dinh dưỡng cho mèo trưởng thành</i></p><h2><strong>3. Những chất dinh dưỡng cần thiết cho mèo</strong></h2><p>- Đảm bảo luôn cung cấp đủ nước sạch cho mèo. Ngoài ra uống đủ nước còn ngăn ngừa những bệnh như sỏi thận, tiết niệu,...</p><p>- Protein, đặc biệt là protein động vật. Protein sản xuất kháng thể, enzym, kích thích tố và mô, cân bằng pH ở mèo. Chất dinh dưỡng này cung cấp năng lượng để mèo tăng trưởng và phát triển.</p><p>- &nbsp;Chất béo&nbsp;và axit béo: omega-3, omega-6 giúp hấp thụ các vitamin tan trong chất béo, tham gia bảo vệ, duy trì các cơ quan nội tạng.</p><p>- Các loại vitamin và enzyme: vitamin kết hợp cùng với khoáng chất, enzyme tham gia vào trong quá trình trao đổi chất cho cơ thể, giúp làm đẹp da lông cho mèo.</p><p>- Canxi là chất rất quan trọng trong việc cấu trúc và duy trì xương mèo luôn chắc khỏe</p><p>- Taurine là một axit amin cần thiết cho mèo, giúp mèo điều hòa nhịp tim, tiêu hóa và khả năng sinh sản.&nbsp;Việc thiếu taurine ở mèo có thể gây thoái hóa võng mạc trung tâm, dẫn đến mù lòa không hồi phục, cũng như suy tim.</p><p>Hi vọng những thông tin trên sẽ giúp bạn biết thêm thông tin bổ ích về chế độ dinh dưỡng cho mèo. Hãy luôn cho mèo ăn đủ chất để mèo luôn khỏe mạnh và phát triển tốt nhé!</p>', 'https://thegioinoithat.website/petscare/public/assets/images/blog/che-do-dinh-duong-cho-meo-ma-ban-can-biet-1640658577.png', 6, 11, 3, 'che-do-dinh-duong-cho-meo-ma-ban-can-biet', 1, '2023-07-28 10:15:17', '2023-08-10 14:19:07'),
(6, '[Cảnh báo hàng giả/hàng nhái] HƯỚNG DẪN NHẬN BIẾT CAT\'S EYE CHUẨN AUTH', 'Hiện nay trên thị trường xuất hiện nhiều sản phẩm có bao bì, mẫu mã giống với thức ăn hạt Cat\'s Eye.', '<div class=\"raw-html-embed\"><iframe src=\"https://www.youtube.com/embed/8lUMDmz8hG4\" title=\"YouTube video player\" allow=\"accelerometer; autoplay; clipboard-write; encrypted-media; gyroscope; picture-in-picture; web-share\" allowfullscreen=\"\" width=\"100%\" height=\"500\" frameborder=\"0\"></iframe></div><p>&nbsp;</p><p>Hiện nay trên thị trường xuất hiện nhiều sản phẩm có bao bì, mẫu mã giống với thức ăn hạt Cat\'s Eye.</p><p>Để giúp khách hàng tránh mua phải hàng giả, hàng nhái ảnh hưởng tới sức khoẻ thú cưng của mình, các bạn cần lưu ý những đặc điểm của sản phẩm Cat’s Eye chính hãng như sau:</p><p>- Logo Cat\'s Eye hình con mèo ngồi</p><p>- Hạt thức ăn có hình dạng con cá</p><p>- Thông tin nhà sản xuất Wooriwa mặt sau bao bì</p><p>- Miệng túi sử dụng công nghệ hàn hiện đại của Hàn Quốc, diện tích hàn rộng đảm bảo độ chắc chắn.</p><p>- Thông tin giới thiệu sản phẩm chính xác và khoa học</p><p>&nbsp;</p><p>Mọi thông tin về hạt Cat\'s Eye dạng hạt con cá đã dừng bán trên thị trường hay được nâng cấp thành mẫu mã khác đều hoàn toàn không đúng sự thật.</p><p>&nbsp;</p><p>Mọi thắc mắc vui lòng inbox hoặc liên hệ chúng tôi theo thông tin dưới đây để được giải đáp.</p>', 'https://thegioinoithat.website/petscare/public/assets/images/blog/huong-dan-nhan-biet-cats-eye-chuan-auth-1676444726.png', 6, 12, 1, '[canh-bao-hang-giahang-nhai]-huong-dan-nhan-biet-cats-eye-chuan-auth', 1, '2023-07-28 10:23:50', '2023-10-25 17:21:51'),
(7, 'MÈO BỎ ĂN, BIẾNG ĂN HAY LƯỜI ĂN: NGUYÊN NHÂN VÀ CÁCH GIẢI QUYẾT', 'Một trong những nguyên nhân điển hình nhất khiến mèo chán ăn, mèo bỏ ăn nằm mệt mỏi chính là do gặp phải các vấn đề về sức khỏe.', '<h2><span style=\"font-family:Arial, Helvetica, sans-serif;\"><strong>1. Nguyên nhân khiến mèo bỏ ăn</strong></span></h2><p><span style=\"font-family:Arial, Helvetica, sans-serif;\">Dưới đây là một số nguyên nhân dẫn đến tình trạng mèo bỏ ăn nằm mệt mỏi mà các sen cần chú ý</span></p><h3><span style=\"font-family:Arial, Helvetica, sans-serif;\">1.1 Mèo gặp các vấn đề về sức khỏe&nbsp;</span></h3><p><span style=\"font-family:Arial, Helvetica, sans-serif;\">Một trong những nguyên nhân điển hình nhất khiến mèo chán ăn, bỏ ăn nằm mệt mỏi chính là do gặp phải các vấn đề về sức khỏe. Có thể kể đến như các vấn đề về đường hô hấp gây ảnh hưởng đến khứu giác hoặc khả năng thở của mèo dẫn đến cảm giác chán ăn, lười ăn, không thèm ăn. Nguy hiểm hơn chính là ảnh hưởng đến phổi gây khó thở. Dù ở bất kỳ mức độ nào của bệnh hô hấp, nếu mèo không thể ngửi hay cảm nhận được mùi của thức ăn chúng sẽ bỏ ăn.</span></p><p><span style=\"font-family:Arial, Helvetica, sans-serif;\">Bên cạnh đó, những vấn đề ở dạ dày, tuyến tụy, ruột, hệ tiêu hóa nói chung đều có thể là nguyên nhân khiến mèo biếng ăn. Kèm theo đó mèo của bạn có thể xuất hiện các triệu chứng tiêu chảy, đau bụng hoặc nôn mửa.</span></p><p><span style=\"font-family:Arial, Helvetica, sans-serif;\">Dần mất cảm giác thèm ăn, thường xuyên bỏ ăn cũng là những biểu hiện cơ bản và đầu tiên của bệnh tiêu hóa. Các trường hợp bệnh tiêu hóa ở mèo hay gặp phổ biến bao gồm: có khối u, hội chứng ruột kích thích, trào ngược axit dạ dày,...</span></p><figure class=\"image\"><img src=\"https://catdog.vn/wp-content/uploads/2022/11/meo-bo-an.jpg\" alt=\"\"></figure><p style=\"text-align:center;\"><span style=\"color:rgb(51,51,51);font-family:Arial, Helvetica, sans-serif;\"><i>Những nguyên nhân khiến mèo mệt mỏi và bỏ ăn</i></span></p><h3><span style=\"font-family:Arial, Helvetica, sans-serif;\">1.2. Mèo biếng ăn do thức ăn&nbsp;</span></h3><p><span style=\"font-family:Arial, Helvetica, sans-serif;\">Mèo là một trong những loài động vật không dễ hiểu, chúng có thể ăn một loại thức ăn trong nhiều tháng, năm nhưng có thể một ngày nào đó mèo quyết định bỏ ăn món đó. Điều này tùy thuộc vào sở thích hoặc do sự thay đổi khẩu vị.</span></p><p><span style=\"font-family:Arial, Helvetica, sans-serif;\">Thức ăn cũ, bị hư hỏng cũng là nguyên nhân hàng đầu khiến mèo chán ăn. Khứu giác của mèo khá nhạy bén, nó có thể cảm nhận nhanh chóng sự thay đổi mùi vị trong thành phần thức ăn. Nên kiểm tra hạn sử dụng của thức ăn hoặc ngửi thử xem thức ăn có xuất hiện mùi lạ không trước khi cho mèo cưng của bạn ăn.</span></p><h3><span style=\"font-family:Arial, Helvetica, sans-serif;\">1.3. Thói quen ăn uống của mèo&nbsp;</span></h3><p><span style=\"font-family:Arial, Helvetica, sans-serif;\">Việc lựa chọn bát đựng thức ăn không phù hợp cũng có thể là nguyên nhân khiến các bé khó chịu.&nbsp;Ngoài ra, môi trường sống thay đổi hoặc xuất hiện thêm các thú nuôi khác cũng có thể làm cho chú mèo của bạn cảm thấy khó chịu, bỏ ăn và mệt mỏi.</span></p><h2><span style=\"font-family:Arial, Helvetica, sans-serif;\"><strong>2. Giải pháp khi mèo bỏ ăn</strong></span></h2><p><span style=\"font-family:Arial, Helvetica, sans-serif;\">Nếu bệnh tật là lý do khiến mèo bỏ ăn, bạn cần mau chóng báo cho bác sĩ thú y, khám và chữa bệnh, đồng thời nghe tư vấn về chế độ ăn tốt nhất dành cho mèo tùy theo thể loại bệnh lý.</span></p><p><span style=\"font-family:Arial, Helvetica, sans-serif;\">Khi bệnh tật không phải nguyên nhân khiến gây bỏ ăn, bạn có thể thử thay đổi hoặc thêm các loại thức ăn mới để khuyến khích mèo tự ăn.</span></p><p><span style=\"font-family:Arial, Helvetica, sans-serif;\">Nhiều chuyên gia tư vấn chủ nuôi nên luân chuyển các thương hiệu đồ ăn cho mèo từ 2 đến 4 lần mỗi năm. Cách tốt nhất là chuyển đổi từ từ. Bạn ban đầu có thể pha trộn giữa loại thức ăn cũ và loại thức ăn mới theo tỷ lệ 7 phần cũ và 3 phần mới. Theo thời gian, loại thức ăn mới sẽ được chuyển đổi hoàn toàn.</span></p>', 'https://thegioinoithat.website/petscare/public/assets/images/blog/meo-bo-an-bieng-an-hay-luoi-an-nguyen-nhan-va-cach-giai-quyet-1667815431.png', 6, 11, 0, 'meo-bo-an-bieng-an-hay-luoi-an-nguyen-nhan-va-cach-giai-quyet', 1, '2023-07-28 10:34:31', '2023-07-28 10:34:31'),
(8, 'MẸO GIÚP MÈO KHỎE MẠNH VÀ SỐNG LÂU HƠN', 'Mèo là thú cưng khá gần gũi và được nhiều gia đình ưa chuộng, tuy nhiên việc nuôi sao để chúng luôn mạnh khỏe là điều không hề dễ dàng', '<p><span style=\"font-family:Arial, Helvetica, sans-serif;\">Mèo là thú cưng khá gần gũi và được nhiều gia đình ưa chuộng, tuy nhiên việc nuôi sao để chúng luôn mạnh khỏe là điều không hề dễ dàng. Vậy chúng ta cần chăm sóc như thế nào và lưu ý những điều gì? Hãy cùng điểm qua 5 bí quyết chăm mèo vô cùng hữu ích dưới đây nhé!</span></p><h2><span style=\"font-family:Arial, Helvetica, sans-serif;\"><strong>1. Tiêm phòng đều đặn và kiểm tra sức khỏe định kỳ</strong></span></h2><p><span style=\"font-family:Arial, Helvetica, sans-serif;\">Tiêm phòng cho mèo từ khi còn bé sẽ giúp chúng giảm thiểu nguy cơ bị mắc bệnh, đồng thời cũng giúp hạn chế các bệnh truyền nhiễm, tránh việc lây bệnh giữa mèo và người nuôi. Bạn cũng cần chú ý tuân thủ đúng lịch tiêm phòng cho mèo, để tăng hiệu quả phòng bệnh của các loại vaccine nhé.</span></p><p>&nbsp;</p><figure class=\"image\"><img src=\"https://fusiongroup.vn/upload/file/thumb_800x0/tiem-phong-cho-meo-1662619366.png\" alt=\"tiem-phong-cho-meo-1662619366.png\"></figure><p style=\"text-align:center;\"><span style=\"font-family:Arial, Helvetica, sans-serif;\"><i>Bạn cần tiêm phòng đầy đủ cho mèo</i></span></p><p><span style=\"font-family:Arial, Helvetica, sans-serif;\">Bên cạnh đó, bạn cũng đừng quên cho mèo khám bệnh định kỳ. Mèo thường che giấu bệnh kỹ hơn so với chó, vậy nên việc đưa đi thú ý để kiểm tra sức khỏe thường xuyên sẽ giúp chúng ta kiểm tra và phòng tránh nguy cơ mắc các bệnh nguy hiểm.</span></p><p><span style=\"font-family:Arial, Helvetica, sans-serif;\">Đặc biệt việc khám định kỳ rất quan trọng nếu mèo của bạn ở thời kỳ đầu của tuổi già. Đây là giai đoạn mèo bị suy giảm các chức năng như gan, thận, hấp thu tiêu hóa,… và nhiều bệnh khác nữa. Vì vậy, bạn nên quan sát và quan tâm để ý kỹ mèo để dễ dàng phát hiện ra bệnh tật cũng như các triệu chứng tiềm ẩn.</span></p><h2><span style=\"font-family:Arial, Helvetica, sans-serif;\"><strong>2. Giữ vệ sinh răng miệng cho mèo</strong></span></h2><p><span style=\"font-family:Arial, Helvetica, sans-serif;\">Không chỉ dừng lại ở việc tắm và chải lông cho mèo, bạn cũng cần quan tâm giữ gìn vệ sinh những bộ phận khác, đặc biệt là chăm sóc răng miệng cho chúng. Theo nghiên cứu, khoảng 80% mèo từ 3 tuổi trở đi đều mắc phải vấn đề răng miệng, vì vậy hãy tập dần cho chúng thói quen đánh răng và thường xuyên kiểm tra định kỳ.</span></p><p><span style=\"font-family:Arial, Helvetica, sans-serif;\">Đây có thể là một quá trình lâu dài và đòi hỏi rất nhiều sự kiên nhẫn bởi hiếm có chú mèo ngồi yên cho bạn chải răng. Hãy bắt đầu từ từ, cho chúng làm quen dần với hương vị của kem đánh răng và thực hiện các động tác chải thật nhẹ nhàng, khi đã quen thì chỉ mất 30 giây là bạn có thể đánh răng xong cho mèo rồi.</span></p><h2><span style=\"font-family:Arial, Helvetica, sans-serif;\"><strong>3. Cho mèo vui chơi tự do</strong></span></h2><p><span style=\"font-family:Arial, Helvetica, sans-serif;\">Chơi đùa là cách mèo thỏa mãn bản năng săn mồi, đồng thời cũng là cách để mèo giảm cân, tăng cường sức khỏe. Bên cạnh đó, vì bạn không phải lúc nào cũng ở nhà để chơi cùng chúng, vậy nên việc sắm thêm nhiều món đồ chơi cũng sẽ giúp mèo bớt buồn chán khi ở một mình. Bạn có thể cân nhắc những món đồ chơi như bóng, chuột đồ chơi và long vũ, cây cào móng,..để làm đồ giải trí cho mèo của bạn.</span></p><p>&nbsp;</p><figure class=\"image\"><img src=\"https://fusiongroup.vn/upload/file/thumb_800x0/cach-cham-meo-khoe-manh-1662619379.jpg\" alt=\"cach-cham-meo-khoe-manh-1662619379.jpg\"></figure><p style=\"text-align:center;\"><span style=\"font-family:Arial, Helvetica, sans-serif;\"><i>Cho mèo vui chơi tự do giúp tăng sức khỏe thể chất và tinh thần</i></span></p><h2><span style=\"font-family:Arial, Helvetica, sans-serif;\"><strong>4. Triệt sản cho mèo</strong></span></h2><p><span style=\"font-family:Arial, Helvetica, sans-serif;\">Triệt sản cho mèo sẽ mang đến những lợi ích như: mèo khỏe mạnh và sống thọ hơn, ít đi lang thang, chạy trốn hoặc cắn người,&nbsp; giảm thiểu nguy cơ mắc một số bệnh đồng thời cũng giúp hạn chế số lượng mèo con bị bỏ hàng năm.</span></p><p><span style=\"font-family:Arial, Helvetica, sans-serif;\">Đây là phương pháp an toàn và phổ biến nên hầu như không có rủi ro. Mỗi cuộc phẫu thuật chỉ kéo dài từ 30 phút đến 1 tiếng và được gây mê hoàn toàn nên bạn hoàn toàn có thể yên tâm khi cho mèo đi triệt sản. Ngoài ra bạn cũng hãy chú ý chăm sóc mèo sau khi triệt sản vì lúc này sức khỏe của chúng vẫn còn rất yếu.</span></p><h2><span style=\"font-family:Arial, Helvetica, sans-serif;\"><strong>5. Đảm bảo chế độ ăn uống&nbsp;</strong></span></h2><p><span style=\"font-family:Arial, Helvetica, sans-serif;\">Cũng giống như con người, chế độ ăn uống khoa học cũng ảnh hưởng tốt đến sự phát triển của mèo. Bạn cần hiểu rõ mèo của mình đang ở giai đoạn nào, và lựa chọn loại thức ăn cho mèo phù hợp với từng giai đoạn. Ví dụ mèo con sẽ có nhu cầu được cung cấp nhiều đạm hơn so với mèo trưởng thành, hay mèo mới sinh cần được cho uống nhiều sữa hơn và chưa nên cho ăn các loại thức ăn cứng ngay lập tức.</span></p><p><span style=\"font-family:Arial, Helvetica, sans-serif;\">Hãy đảm bảo rằng những loại thức ăn bạn chọn sẽ cung cấp đầy đủ hàm lượng các chất: đạm, xơ và chất béo,… cho mèo. Ngoài ra việc ăn uống khoa học cũng giúp phòng tránh các nguy cơ nhiễm bệnh ở mèo.</span></p><p><span style=\"font-family:Arial, Helvetica, sans-serif;\">Thức ăn hạt Wonder Cats phù hợp cho mèo mọi lứa tuổi, thành phần chất lượng đảm bảo cung cấp đầy đủ những dưỡng chất cần thiết cũng nhưng phòng ngừa các bệnh thường gặp ở mèo:</span></p><ul><li><span style=\"font-family:Arial, Helvetica, sans-serif;\">Phát triển sức khỏe toàn diện, tăng cường khả năng miễn dịch</span></li><li><span style=\"font-family:Arial, Helvetica, sans-serif;\">Hàm lượng Taurine cao giúp bảo vệ thị lực và trái tim khoẻ mạnh</span></li><li><span style=\"font-family:Arial, Helvetica, sans-serif;\">Giàu chất xơ giúp kiểm soát búi lông, đào thải lông ra khỏi cơ thể</span></li><li><span style=\"font-family:Arial, Helvetica, sans-serif;\">Cân bằng Axit béo, Omega 3 &amp; 6, Chelate giúp da, lông óng mượt</span></li><li><span style=\"font-family:Arial, Helvetica, sans-serif;\">Vitamin C giúp hỗ trợ sức khoẻ răng miệng</span></li><li><span style=\"font-family:Arial, Helvetica, sans-serif;\">Chiết xuất Yucca giúp giảm mùi hôi của phân</span></li><li><span style=\"font-family:Arial, Helvetica, sans-serif;\">Các khoáng chất có lợi giúp duy trì độ pH trong nước tiểu, ngăn ngừa bệnh thận và tiết niệu.</span></li></ul>', 'https://thegioinoithat.website/petscare/public/assets/images/blog/5-meo-giup-meo-khoe-manh-va-song-lau-hon-1662619414.png', 6, 11, 0, 'meo-giup-meo-khoe-manh-va-song-lau-hon', 1, '2023-07-28 10:37:04', '2023-07-28 10:37:04');
INSERT INTO `posts` (`id`, `title`, `description`, `content`, `img_post`, `user_post_id`, `category_id`, `comment_count`, `slug`, `status`, `created_at`, `updated_at`) VALUES
(9, 'CHÓ MÈO ĂN CHAY CÓ TỐT KHÔNG?', 'Hiện nay có rất nhiều những ý kiến trái chiều về việc nên hay không cho chó mèo chay, chỉ ăn rau củ. Các câu hỏi được đặt ra chó mèo ăn chay ?', '<p><span style=\"font-family:Arial, Helvetica, sans-serif;\">Hiện nay có rất nhiều những ý kiến trái chiều về việc nên hay không cho chó mèo chay, chỉ ăn rau củ. Các câu hỏi được đặt ra chó mèo ăn chay có tốt không? Chế độ ăn như thế nào? Bên cạnh đó có ý kiến còn khẳng định chó mèo ăn chay rất tốt và vẫn phát triển khỏe mạnh bình thường.</span></p><h2><span style=\"font-family:Arial, Helvetica, sans-serif;\"><strong>Khái niệm cơ bản về dinh dưỡng cho chó mèo</strong></span></h2><p><span style=\"font-family:Arial, Helvetica, sans-serif;\">Theo Tiến sĩ Lisa Weeth, một chuyên gia dinh dưỡng&nbsp;thú y&nbsp;nói rằng: bà thường không khuyến cáo chế độ cho chó mèo ăn chay. Vấn đề về dinh dưỡng của chó mèo dù là thịt hoặc thực vật cũng cần phải cung cấp đủ dưỡng chất thiết yếu một cách cân bằng để dảm bảo cho sự phát triển toàn diện của chúng. Đặc biệt là trong độ tuổi từ 2 – 15 tháng đầu đời. Chính vì thế cho chó mèo ăn ăn chay hoàn toàn là việc gần như không thể.</span></p><p><span style=\"font-family:Arial, Helvetica, sans-serif;\">Trước hết, chúng ta cần hiểu rõ một số tiên đề đã được khoa học chứng minh ở chó mèo:</span></p><ul><li><span style=\"font-family:Arial, Helvetica, sans-serif;\">Chó mèo là động vật ăn thịt. Bản năng mà Mẹ thiên nhiên trao tặng cho chó mèo là việc sống và lấy năng lượng từ Protein và là loại protein có nguồn gốc động vật. Không phải thực vật.</span></li><li><span style=\"font-family:Arial, Helvetica, sans-serif;\">Chó mèo có nhu cầu Carbohydrate (tinh bột-đường) chiếm rất ít (2-5% khẩu phần ăn). Vì hệ tiêu hóa của mèo thiếu enzyme amylase (amilaza) để phân giải carbohydrate thành đường đơn.</span></li><li><span style=\"font-family:Arial, Helvetica, sans-serif;\">Chó mèo lấy vitamin từ thịt, nội tạng và các thức ăn chưa tiêu hóa hết trong nội tạng của động vật mà nó săn được. Nếu thiếu vitamin, theo bản năng mèo sẽ ăn một số thực vật như cỏ. Nhưng sẽ không tiêu hóa) để bổ sung.</span></li></ul><p><span style=\"font-family:Arial, Helvetica, sans-serif;\">Nếu bạn là một người thuần chay hoặc ăn chay và muốn biến thú cưng của mình thành một con chó ăn chay hoàn toàn thì đây là điều cũng khá dễ hiểu.</span></p><p><span style=\"font-family:Arial, Helvetica, sans-serif;\">Vậy thú cưng của bạn khỏe mạnh đã trưởng thành dần dần chuyển sang chế độ ăn thuần chay liệu có tốt không? Trong một số trường hợp vẫn có thể, miễn là chó mèo được cung cấp nguồn dinh dưỡng cân bằng phù hợp theo từng giai đoạn sống của chúng.</span></p><p><span style=\"font-family:Arial, Helvetica, sans-serif;\">Việc tìm kiếm một chế độ ăn cân bằng dù là với chế độ ăn tự chế biến đầy đủ thịt động vật cũng đã không hề đơn giản. Chúng ta cần đảm bảo rằng chó hấp thu đủ lượng protein và các axit amin thiết yếu, đó là các khối xây dựng nên protein.</span></p><p><span style=\"font-family:Arial, Helvetica, sans-serif;\">Theo Tiến sĩ Susan Jeffrey - bác sĩ thú y tại Bệnh viện chăm sóc động vật Truesdell ở Madison, Wisconsin cho biết,&nbsp;một số chế độ ăn thuần chay có thể thiếu các axit amin cần thiết như taurine và L-carnitine, thứ thường được tìm thấy trong thịt.&nbsp;Việc cung cấp thiếu các chất dinh dưỡng này có thể dẫn đến các vấn đề sức khỏe như bệnh tim; thiếu taurine có thể dẫn đến bệnh cơ tim giãn ra.</span></p><p style=\"text-align:center;\">&nbsp;</p><figure class=\"image\"><img src=\"https://fusiongroup.vn/upload/file/thumb_800x0/cho-meo-an-rau-cu-1657182504.jpg\" alt=\"cho-meo-an-rau-cu-1657182504.jpg\"></figure><p style=\"text-align:center;\"><span style=\"font-family:Arial, Helvetica, sans-serif;\"><i>Cho chó mèo ăn chay có tốt không?</i></span></p><h2><span style=\"font-family:Arial, Helvetica, sans-serif;\"><strong>Chó mèo ăn chay và rau củ có đủ chất không?</strong></span></h2><p><span style=\"font-family:Arial, Helvetica, sans-serif;\">Nếu bạn đã cho chó mèo ăn chay (trộn cơm với rau củ) và khẳng định chúng sống bình thường thì điều này là hoàn toàn sai lầm. Bởi vì ăn chay sẽ dẫn đến thay đổi độ pH trong hệ tiết niệu, có thể dẫn đến sỏi thận.</span></p><p><span style=\"font-family:Arial, Helvetica, sans-serif;\">Ngoài ra nếu không có hoặc có quá ít protein động vật trong&nbsp;thức ăn cho mèo&nbsp;con sẽ gây thiếu hụt trầm trọng&nbsp;Taurine. Có thể gây mù mắt cho mèo do giảm tế bào võng mạc.</span></p><p><span style=\"font-family:Arial, Helvetica, sans-serif;\">Nếu cho mèo ăn một lượng Carbohydrate quá cao sẽ gây tiểu đường, béo phì, giảm sự hấp thu protein. Và hại đến nội quan do hệ tiêu hóa của mèo không được thiết kế để tiêu hóa quá nhiều tinh bột. Lưu ý rằng khoai tây có 20% carb, khoai lang là 21% và bí đỏ là 12%.</span></p><p><span style=\"font-family:Arial, Helvetica, sans-serif;\">Để bổ sung vitamin cho chó mèo, chúng ta có nguồn thức ăn giàu vitamin và khoáng chất như cá biển, hạt khô, cỏ lúa mạch (cỏ mèo), các loại thực phẩm bổ sung, và có thể từ rau củ.</span></p><p><span style=\"font-family:Arial, Helvetica, sans-serif;\">Bên cạnh đó, bạn có thể cho chó mèo ăn thức ăn hạt hữu cơ ANF 6Free đảm bảo cung cấp đủ chất dinh dưỡng từ thịt và rau củ, giúp cải thiện hệ tiêu hóa cũng như làm đẹp da và lông.</span></p><h2><span style=\"font-family:Arial, Helvetica, sans-serif;\"><strong>Không phải tất cả các nguồn protein đều giống nhau</strong></span></h2><p><span style=\"font-family:Arial, Helvetica, sans-serif;\">Chế độ ăn chay hoàn toàn cho chó thường có thể cung cấp một ít protein nhưng mức độ đó chưa đủ để chó phát triển. Ngoài ra, protein từ thực vật không có đủ lượng amino axit cần thiết đáp ứng nhu cầu chó cần như ở protein từ thịt động vật.</span></p><p><span style=\"font-family:Arial, Helvetica, sans-serif;\">Thú y nhìn vào chỉ số giá trị sinh học (BV), một phép đo được sử dụng để xác định hiệu quả của một loại protein cụ thể.</span></p><p><span style=\"font-family:Arial, Helvetica, sans-serif;\">Một vấn đề khác đối với protein từ thực vật là chúng có xu hướng ít tiêu hóa hơn so với protein từ thịt động vật.&nbsp;Vì vậy, nếu bạn cho chúng ăn đậu nành, nó sẽ được chuyển hóa khác với việc bạn cho chúng ăn thịt gà hoặc thịt bò. Và vì vậy chúng ta cần đảm bảo rằng các protein từ thực vật có khả năng tiêu hóa và chó có thể sử dụng chúng an toàn. Nếu không, chúng ta có thể mắc sai lầm lớn, đặc biệt là với những con chó mang thai, chó đang cho con bú hoặc chó đang trong độ tuổi phát triển.</span></p><h2><span style=\"font-family:Arial, Helvetica, sans-serif;\"><strong>Thú cưng&nbsp;phải ăn chay&nbsp;để điều trị bệnh</strong></span></h2><p><span style=\"font-family:Arial, Helvetica, sans-serif;\">Tiến sĩ Joe Bartges, một chuyên gia dinh dưỡng thú y và giáo sư Y khoa Dinh dưỡng tại trường Đại học Georgia, Athens cho biết, chế độ ăn thuần chay có thể là một chọn lựa hợp lý chỉ khi chó của bạn đang cần tránh các protein từ thịt động vật. Ví dụ với bệnh thận, sỏi bàng quang urate và bệnh viêm ruột (IBD).</span></p><p><span style=\"font-family:Arial, Helvetica, sans-serif;\">Một số con chó rất nhạy cảm với protein từ thịt động vật nhiều hơn là protein từ thực vật, vì vậy việc chuyển chúng sang thức ăn cho chó thuần chay có thể có ích với trường hợp bênh đường ruột IBD. Điều đó không có nghĩa là ăn chay tốt hơn cho tất cả các trường hợp bệnh đường ruột IBD ở chó. Với bệnh IBD, nó thực sự phụ thuộc vào mức độ phản ứng của từng cá thể, vì vậy nếu chó dị ứng với thực phẩm, chúng ta cần theo dõi các thành phần protein đến từ đâu - cho dù đó là nguồn gốc từ thực vật hay động vật.</span></p><figure class=\"image\"><img src=\"https://fusiongroup.vn/upload/file/thumb_800x0/what-fruits-and-vegetables-can-dogs-eat-1657182611.jpg\" alt=\"what-fruits-and-vegetables-can-dogs-eat-1657182611.jpg\"></figure><p style=\"text-align:center;\"><i>Chó mèo ăn chay có nên hay không?</i></p><h2><span style=\"font-family:Arial, Helvetica, sans-serif;\"><strong>Những lưu ý khi cho chó mèo ăn chay</strong></span></h2><p><span style=\"font-family:Arial, Helvetica, sans-serif;\">Nếu bạn buộc phải nuôi chó bằng chế độ ăn chay (sau khi tham khảo ý kiến ​​bác sĩ thú y ), có một số điều cần lưu ý.</span></p><p><span style=\"font-family:Arial, Helvetica, sans-serif;\">Đầu tiên, protein từ thực vật có xu hướng làm cho nước tiểu có tính kiềm cao hơn. Nếu bạn chuyển hoàn toàn sang chế độ ăn chay hoàn toàn và đó là một loại protein vừa phải và không thêm bất kỳ chất acid uric nào, nó có thể khiến cho chó của bạn có nguy cơ bị sỏi struvite.</span></p><p><span style=\"font-family:Arial, Helvetica, sans-serif;\">Những thay đổi dễ nhìn thấy trên bộ lông của chó có thể cho ta biết chó không hấp thu đủ lượng axit béo thiết yếu. Hãy quan sát bộ lông của chó có bóng hoặc trở nên xỉn màu và bẩn hay không? Chó có bị bong vảy da không? Mọi người thường nghĩ là những biểu hiện trên không liên quan gì đến việc thay đổi chế độ ăn uống vì phải mất từ ​​2 đến 3 tháng mới xuất hiện.</span></p><p><span style=\"font-family:Arial, Helvetica, sans-serif;\">Nếu bạn nhận thấy bất kỳ thay đổi nào, hãy mang chó đến gặp bác sĩ thú y của bạn. Ngoài ra, tại kỳ kiểm tra sức khỏe định kỳ hàng năm của chó, bác sĩ thú y sẽ làm xét nghiệm máu và phân tích nước tiểu để đảm bảo thức ăn được tiêu hóa và hấp thu theo cách cần thiết.</span></p>', 'https://thegioinoithat.website/petscare/public/assets/images/blog/cho-cho-meo-an-chay-co-tot-khong-1657182620.png', 6, 11, 1, 'cho-meo-an-chay-co-tot-khong', 1, '2023-07-28 10:40:03', '2023-12-26 18:15:21'),
(10, 'NHỮNG SAI LẦM CẦN TRÁNH KHI CHO MÈO ĂN', 'Mèo không thể nói cho bạn biết những điều chúng muốn. Mèo càng không thể hiểu chế độ dinh dưỡng như thế nào là phù hợp với chúng nhất.', '<p><span style=\"font-family:Arial, Helvetica, sans-serif;\">Mèo không thể nói cho bạn biết những điều chúng muốn. Mèo càng không thể hiểu chế độ dinh dưỡng như thế nào là phù hợp với chúng nhất. Nhưng tình trạng sức khỏe của mèo thể hiện rõ nhất những chế độ ăn uống bạn đang cho chúng ăn.</span></p><p><span style=\"font-family:Arial, Helvetica, sans-serif;\">Dưới đây là một số sai lầm&nbsp;chúng ta cần xem lại để đảm bảo cân bằng dinh dưỡng cho mèo.</span></p><h2><span style=\"font-family:Arial, Helvetica, sans-serif;\"><strong>Sai lầm 1: Cho mèo ăn quá nhiều</strong></span></h2><p><span style=\"font-family:Arial, Helvetica, sans-serif;\">Sai lầm phổ biến nhất mà mọi người thường mắc phải khi cho mèo ăn chính là&nbsp;cho ăn quá nhiều.</span></p><p><span style=\"font-family:Arial, Helvetica, sans-serif;\">Mặc dù một con mèo béo trông rất dễ thương, nhưng tình trạng béo phì có liên quan đến các vấn đề về sức khỏe của mèo bao gồm bệnh đái tháo đường, viêm khớp và&nbsp;bệnh đường tiết niệu. Trong thực tế mèo còn có thể gặp tình trạng tương tự như ở người, hội chứng chuyển hóa.</span></p><p><span style=\"font-family:Arial, Helvetica, sans-serif;\">Chúng ta không nhất thiết phải cho mèo ăn nhiều thức ăn hơn nhu cầu của chúng. Mèo ngày nay ít hoạt động hơn khi so sánh với tổ tiên to lớn của chúng. Vì thế chúng cũng không cần phải ăn quá nhiều.</span></p><p><span style=\"font-family:Arial, Helvetica, sans-serif;\">Mèo cần bao nhiêu thức ăn mỗi ngày?</span></p><p><span style=\"font-family:Arial, Helvetica, sans-serif;\">Mức năng lượng cho phép với mèo nằm trong khoảng từ&nbsp;24 đến 35 calo mỗi ngày trên mỗi pound cân nặng&nbsp;(1 pound ~ 0.45kg), để giữ cho mèo có trọng lượng bình thường, khỏe mạnh.</span></p><h2><span style=\"font-family:Arial, Helvetica, sans-serif;\"><strong>Sai lầm 2: Chỉ cho mèo ăn thức ăn khô quanh năm</strong></span></h2><p><span style=\"font-family:Arial, Helvetica, sans-serif;\">Chú mèo ngày nay được thuần hóa từ tổ tiên sống trên sa mạc, một di sản minh chứng cho thói quen ít uống nước của mèo ngày nay. Mèo không tự uống nước như chó nên chúng có hàm lượng sạn trong nước tiểu cao hơn và dễ mắc các bệnh về đường tiết niệu.</span></p><p><span style=\"font-family:Arial, Helvetica, sans-serif;\">Khi mèo có vấn đề về đường tiết niệu, chúng cần được chăm sóc với chế độ ăn uống giàu nước. Thay vì đợi đến khi mèo bệnh mới bổ sung nước thì hãy chủ động cung cấp đủ nước trong&nbsp;thức ăn cho mèo mỗi ngày thông qua hình thức trộn thức ăn ướt với thức ăn thường ngày như hạt để mèo vừa có thêm lượng nước hấp thu vào cơ thể.&nbsp;</span></p><p><span style=\"font-family:Arial, Helvetica, sans-serif;\">Cơ thể mèo được cấu tạo để hấp thu nước qua thức ăn. Mặc dù chuột, thức ăn thường ngày của mèo, cũng chỉ có khoảng 70% nước, và&nbsp;thức ăn ướt cho mèo&nbsp;chứa khoảng 78% nước,&nbsp;thức ăn khô là từ 5% - 10% nước. Đó là lý do tại sao thực phẩm ướt giúp mèo bổ sung nước rất tốt.</span></p><h2><span style=\"font-family:Arial, Helvetica, sans-serif;\"><strong>Sai lầm 3: Cho mèo uống quá ít nước</strong></span></h2><p><span style=\"font-family:Arial, Helvetica, sans-serif;\">Rõ ràng nước rất quan trọng không chỉ với người mà cả với mèo. Là thành phần thiết yếu cấu thành sự sống, nước chiếm 60% đến 70% trọng lượng cơ thể của mèo trưởng thành, theo các chuyên gia của&nbsp;ASPCA. Việc thiếu nước có thể gây hậu quả nghiêm trọng cho mèo, gây bệnh đường tiết niệu hoặc thậm chí tử vong.</span></p><p><span style=\"font-family:Arial, Helvetica, sans-serif;\">Ngoài ra, mèo cũng nên có một số nguồn nước ngọt sạch có sẵn trong nhà. Hãy đặt nước ở nơi mèo thích và thường xuyên lui tới. Lưu ý rằng mèo thích uống nước chảy hơn và chúng có thể phát hiện mùi vị của clo trong nước máy, vì thế hãy dùng nước đóng chai cho mèo để đảm bảo vừa sạch vừa không có clo.</span></p><p><span style=\"font-family:Arial, Helvetica, sans-serif;\">Dưới đây là một mẹo hay để giúp khuyến khích mèo uống nhiều nước:</span></p><p><span style=\"font-family:Arial, Helvetica, sans-serif;\">• Sử dụng cỏ mèo hoặc cỏ bạc hà tươi (catnip)</span></p><p><span style=\"font-family:Arial, Helvetica, sans-serif;\">• Nghiền nát lá dưới nước và đổ nước vào vòi nước</span></p><figure class=\"image\"><img src=\"https://fusiongroup.vn/upload/file/thumb_800x0/nhung-sai-lam-can-tranh-khi-cho-meo-an-fusiongroup-vn-1655974126.png\" alt=\"nhung-sai-lam-can-tranh-khi-cho-meo-an-fusiongroup-vn-1655974126.png\"></figure><h2><span style=\"font-family:Arial, Helvetica, sans-serif;\"><strong>Sai lầm 4: Dùng tỏi trị sán dây</strong></span></h2><p><span style=\"font-family:Arial, Helvetica, sans-serif;\">Phía gần mông hoặc hậu môn của mèo, nếu có xuất hiện một vài đoạn nhỏ màu trắng kỳ lạ có kích thước bằng hạt gạo thì đó là sán dây từ phần ruột non của mèo. Một số người tin rằng có thể dùng tỏi tươi để khắc phục tình trạng này.</span></p><p><span style=\"font-family:Arial, Helvetica, sans-serif;\">Đây là một trong những quan niệm sai lầm lớn nhất từ trước đến nay. Không có bằng chứng nào cho thấy tỏi ngăn ngừa bất kỳ sự nhiễm ký sinh trùng nào, kể cả giun đường ruột hay bọ chét. Thậm chí, nếu dùng quá liều, tỏi còn có thể tiêu diệt tế bào hồng cầu của mèo.</span></p><p><span style=\"font-family:Arial, Helvetica, sans-serif;\">Các ký sinh trùng phổ biến nhất được tìm thấy bên trong mèo trưởng thành, sán dây thường do mèo nuốt một con bọ chét. Mặc dù sán dây không đe dọa tính mạng của mèo, chúng có thể làm mèo sụt cân, nôn mửa, khó chịu ở bụng và các vấn đề khác nếu không được điều trị.</span></p><p><span style=\"font-family:Arial, Helvetica, sans-serif;\"><strong>Vậy tại sao lại là tỏi?</strong></span></p><p><span style=\"font-family:Arial, Helvetica, sans-serif;\">Có thể nguồn gốc của điều này là do mọi người nghĩ rằng tỏi có thể ngăn ngừa bọ chét, Nhưng thực tế là việc cho mèo của bạn ăn tỏi không ngăn ngừa bọ chét hay thậm chí là sán dây.</span></p><p><span style=\"font-family:Arial, Helvetica, sans-serif;\">Nếu bạn nhận thấy các đoạn sán dây trong phân mèo hoặc gần hậu môn, hãy hỏi ý kiến bác sĩ thú y của bạn. Không tự điều trị giun của mèo - không phải tất cả các phương pháp điều trị đều phát huy hiệu quả trên tất cả các con giun và bạn có thể sẽ làm mọi việc tồi tệ hơn chỉ với một liều thuốc dùng sai.</span></p><h2><span style=\"font-family:Arial, Helvetica, sans-serif;\"><strong>Sai lầm 5: Cho mèo ăn chay hoặc thuần chay</strong></span></h2><p><span style=\"font-family:Arial, Helvetica, sans-serif;\">Mèo là động vật ăn thịt, có nghĩa là chúng phải ăn chủ yếu thịt và động vật để hấp thu chất đạm giúp phát triển bình thường. Ví dụ, axit amin taurine chỉ được tìm thấy trong mô động vật. Thiếu taurine có thể khiến mèo gặp vấn đề về tim, mù lòa và thậm chí tử vong.</span></p><p><span style=\"font-family:Arial, Helvetica, sans-serif;\">Các chất dinh dưỡng mèo cần đến từ thịt, có thể được cung cấp trong thực phẩm tổng hợp. Nhưng bạn phải rất cẩn thận, và nhận thức được những đặc điểm dinh dưỡng của mèo.</span></p><h2><span style=\"font-family:Arial, Helvetica, sans-serif;\"><strong>Sai lầm 6: Thiếu hụt dinh dưỡng</strong></span></h2><p><span style=\"font-family:Arial, Helvetica, sans-serif;\">Một trong những hiểu lầm lớn nhất về dinh dưỡng ở mèo chính là thức ăn tự chế biến tại nhà. Thức ăn tự chế biến dù có sạch và đầy đủ đến đâu vẫn cần phải tính toán đến mức độ cân bằng giữa các chất dinh dưỡng. Đó là bởi vì khi làm&nbsp;thức ăn cho mèo, một số người không cân bằng lượng thịt với lượng canxi chính xác, họ quên rằng một con mèo sẽ ăn cả thịt và xương của con mồi nhờ đó hấp thu tỷ lệ canxi - phốt pho thích hợp.</span></p><p><span style=\"font-family:Arial, Helvetica, sans-serif;\">Một chế độ ăn của mèo quá nặng về cá ngừ, gan, hoặc dầu gan (chẳng hạn như dầu gan cá tuyết), có thể dẫn đến ngộ độc vitamin A, dẫn đến đau xương và khớp, xương giòn và da khô. Một chế độ ăn uống quá giàu cá sống có thể phá vỡ vitamin B1, gây yếu cơ, co giật hoặc tổn thương não. Nếu một người nuôi mèo muốn làm thức ăn cho thú cưng của họ, họ cần phải làm theo một công thức cân bằng hợp lý. Điều này cần được tư vấn bởi bác sĩ thú y về&nbsp;chế độ ăn uống khỏe mạnh và cân bằng.</span></p>', 'https://thegioinoithat.website/petscare/public/assets/images/blog/nhung-sai-lam-can-tranh-khi-cho-meo-an-1655974079.png', 6, 11, 1, 'nhung-sai-lam-can-tranh-khi-cho-meo-an', 1, '2023-07-28 10:54:50', '2023-07-28 15:49:57');

-- --------------------------------------------------------

--
-- Table structure for table `products`
--

CREATE TABLE `products` (
  `id` bigint(20) UNSIGNED NOT NULL,
  `sku` varchar(50) NOT NULL,
  `name` varchar(255) NOT NULL,
  `description_summary` text DEFAULT NULL,
  `description_detail` text DEFAULT NULL,
  `category_id` bigint(20) UNSIGNED NOT NULL DEFAULT 1,
  `price` bigint(20) NOT NULL DEFAULT 0,
  `discount_price` bigint(20) NOT NULL DEFAULT 0,
  `discount_end` datetime DEFAULT NULL,
  `image_main` varchar(200) NOT NULL,
  `quantity` int(11) NOT NULL DEFAULT 0,
  `rating_count` int(11) NOT NULL DEFAULT 0,
  `average_rating` int(11) NOT NULL DEFAULT 0,
  `brand_id` bigint(20) UNSIGNED NOT NULL,
  `slug` varchar(255) NOT NULL,
  `status` tinyint(1) NOT NULL DEFAULT 1,
  `created_at` timestamp NULL DEFAULT NULL,
  `updated_at` timestamp NULL DEFAULT NULL
) ENGINE=InnoDB DEFAULT CHARSET=utf8mb4 COLLATE=utf8mb4_unicode_ci;

--
-- Dumping data for table `products`
--

INSERT INTO `products` (`id`, `sku`, `name`, `description_summary`, `description_detail`, `category_id`, `price`, `discount_price`, `discount_end`, `image_main`, `quantity`, `rating_count`, `average_rating`, `brand_id`, `slug`, `status`, `created_at`, `updated_at`) VALUES
(1, 'SP_MX2XSZD', 'Thức ăn cho chó lớn Pedigree hương gà và rau củ túi 1.5kg', 'Giúp bổ sung khoáng chất và vitamin, ngoài ra còn có chất sắt và kẽm đã được chứng mình là sẽ làm bộ lông của cún cưng được mềm mượt hơn. Thức ăn cho chó lớn Pedigree hương gà và rau củ túi 1.5kg có dạng hạt tiện lợi, cho cún ăn nhanh chóng.', '<p>Pedigree là thương hiệu thuộc công ty Pet Foods - một công ty chế biến thức ăn thú cưng có trụ sở tại Hoa Kỳ. Đây là một trong những tập đoàn lớn nhất Thế Giới về sản xuất thức ăn cho vật nuôi. Thức ăn cho chó&nbsp;Pedigree &nbsp;đã nhận được chứng chỉ thức ăn dinh dưỡng cân bằng cho thú cưng của AAFCO - Cơ quan quản lý thực phẩm Hoa Kỳ.</p><h3><strong>Thành phần dinh dưỡng có trong thức ăn chó Pedigree hương gà 1.5kg</strong></h3><p><img src=\"https://cdn.tgdd.vn/Products/Images/9818/238330/bhx/thuc-an-cho-cho-lon-pedigree-vi-ga-va-rau-cu-tui-15kg-202105110829349631.jpg\" alt=\"Thức ăn cho chó lớn Pedigree hương gà và rau củ túi 1.5kg 0\"></p><p>Thức ăn chó Pedigree hương gà 1.5kg&nbsp;có chứa các thành phần dinh dưỡng như:&nbsp;Bắp, lúa mì, bột lông vũ đã thuỷ phân, đậu tương nguyên dầu, hương gà, dầu cọ, khoáng chất, thịt gà cầm và phụ phẩm gia cầm, khô dầu đậu tương, dầu đậu tương, vitamins,...tốt cho thú cưng phát triển toàn diện</p><h3><strong>Tác dụng của&nbsp;thức ăn chó Pedigree hương gà 1.5kg&nbsp;đối với sức khỏe&nbsp;</strong></h3><p><a href=\"https://www.bachhoaxanh.com/thuc-an-cho-meo/thuc-an-cho-cho-lon-pedigree-vi-ga-va-rau-cu-tui-15kg\">Thức ăn cho chó lớn Pedigree hương gà và rau củ túi 1.5kg</a> là loại thực phẩm rất phù hợp với chú chó cưng của bạn. Các bé cún cần cung cấp rất nhiều lượng protein cụ thể là gấp 3 lần so với người bình thường, vì thế nên các chú cún của bạn phải được bổ sung lượng protein đầy đủ để có thể khoẻ mạnh và phát triển toàn diện.</p><p><a href=\"https://www.bachhoaxanh.com/thuc-an-cho-meo-pedigree\">Thức ăn cho chó&nbsp;Pedigree</a> vị gà và rau củ túi 1.5kg giúp bổ sung rất nhiều khoáng chất và vitamin, ngoài ra còn có chất sắt và kẽm đã được chứng mình là sẽ làm bộ lông của cún cưng được mềm mượt hơn chỉ trong vòng 6 tuần.</p><p><a href=\"https://www.bachhoaxanh.com/thuc-an-cho-meo\">Thức ăn cho chó</a> Pedigree chứa một lượng canxi và phốt pho, những dưỡng chất này sẽ giúp cho răng và xương cún được chắc khỏe.</p><h3><strong>Lưu ý khi sử dụng và bảo quản khi sử dụng thức ăn cho chó&nbsp;&nbsp;Pedigree</strong></h3><p><img src=\"https://cdn.tgdd.vn/Products/Images/9818/238330/bhx/thuc-an-cho-cho-lon-pedigree-vi-ga-va-rau-cu-tui-15kg-202105110829363400.jpg\" alt=\"Thức ăn cho chó lớn Pedigree hương gà và rau củ túi 1.5kg 1\"></p><p>Bảo quản sản phẩm ở những nơi khô ráo, thoáng mát tránh tiếp xúc trực tiếp với ánh nắng trực tiếp với ánh nắng hoặc ở những nơi có nhiệt độ cao</p><p>Đậy nắp kỹ sau mỗi lần cho cún sử dụng</p><p>Không nên cho cún ăn quá nhiều cùng lúc</p><p>Ngưng sử dụng nếu bé cún xuất hiện triệu chứng tiêu chảy</p><h3><strong>Ưu điểm khi mua&nbsp;thức ăn cho chó&nbsp;&nbsp;Pedigree tại PETS CARE</strong></h3><p>Khi mua thức ăn cho chó tại &nbsp;petscare bạn sẽ nhận được sản phẩm chất lượng, có nguồn gốc xuất xứ rõ ràng. Ngoài ra, bạn có thể truy cập vào petscare.com chọn mua để được giao hàng tận nơi với đội ngũ nhân viên nhiệt tình, chu đáo.</p>', 1, 125000, 0, NULL, 'https://cdn.tgdd.vn/Products/Images/9818/238330/bhx/thuc-an-cho-cho-lon-pedigree-vi-ga-va-rau-cu-tui-15kg-202105110829349631.jpg', 100, 0, 0, 1, 'thuc-an-cho-cho-lon-pedigree-huong-ga-va-rau-cu-tui-15kg', 1, '2023-07-28 09:53:43', '2023-09-01 02:08:22'),
(2, 'SP_A8HHEB7', 'Bánh thưởng dạng kem cho chó SmartHeart vị thịt gà và cải bó xôi gói 4 cây x 15g', 'Được sản xuất từ thành phần chọn lọc kỹ lưỡng nên thức ăn cho chó này đảm bảo an toàn cho bé cún của bạn. Bánh thưởng dạng kem cho chó SmartHeart vị thịt gà và cải bó xôi gói 60g có vị thơm ngon, giàu dưỡng chất. Bánh thưởng cho chó SmartHeart giúp các bé cún năng động, phát triển tốt hơn.', '<p>SmartHeart là thương hiệu chuyên cung cấp các sản phẩm chăm sóc thú cưng được nhiều người tin tưởng lựa chọn trong hành trình chăm sóc thú cưng của mình. Đây là thương hiệu nổi tiếng thuộc&nbsp;Perfect Company có trụ sở tại&nbsp;Thái Lan.&nbsp;Sau nhiều năm hình thành và phát triển thương hiệu dần khẳng định vị của mình trên thị trường bởi cung cấp các sản phẩm chất lượng và an toàn cho thú cưng.</p><h3><strong>Thành phần có trong sản phẩm&nbsp;</strong></h3><p><img src=\"https://cdn.tgdd.vn/Products/Images/9818/272251/bhx/banh-thuong-dang-kem-cho-cho-smartheart-vi-thit-ga-va-cai-bo-xoi-goi-60g-202203261530570800.jpg\" alt=\"Bánh thưởng dạng kem cho chó SmartHeart vị thịt gà và cải bó xôi gói 4 cây x 15g 0\"></p><p>Bánh cho chó SmartHeart gà, cải bó xôi có chứa các thành phần như sau:&nbsp;Thịt gà, phó phẩm gà, gan gà, cải bó xôi, chất xơ thô, tinh bột biến tính, dầu dừa, chất tạo đông, rau mùi tây, hương vị,.. hầu hết các thành phần này đều được kiểm nghiệm nghiêm ngặt và an toàn cho thú cưng</p><h3><strong>Tác dụng của sản phẩm đối với sức khoẻ thú cưng&nbsp;</strong></h3><p><img src=\"https://cdn.tgdd.vn/Products/Images/9818/272251/bhx/banh-thuong-dang-kem-cho-cho-smartheart-vi-thit-ga-va-cai-bo-xoi-goi-60g-202203261530578931.jpg\" alt=\"Bánh thưởng dạng kem cho chó SmartHeart vị thịt gà và cải bó xôi gói 4 cây x 15g 1\"></p><p>Bánh cho chó SmartHeart gà, cải bó xôi là sản phẩm chứa nhiều dưỡng chất có những công dụng tuyệt vời đối với sức khoẻ thú cưng như sau</p><p>Bánh được làm từ thịt gà thật thơm ngon kích thích vị giác giúp chó ăn ngon miệng hơn</p><p>Bổ sung các loại Vitamin và khoáng chất cần thiết giúp chăm sóc sức khoẻ thú cưng một cách toàn diện</p><p>Bổ sung Canxi giúp răng và xương luôn chắc khoẻ</p><p>Cải thiện hệ tiêu hoá và thị lực cho chó</p><h3><strong>Bảo quản và lưu ý khi sử dụng sản phẩm&nbsp;</strong></h3><p>Bảo quản sản phẩm ở những nơi khô ráo, thoáng mát tránh tiếp xúc trực tiếp với ánh nắng hoặc ở những nơi có nhiệt độ cao</p><p>Đậy nắp bao bì kỹ sau mỗi lần cho chó sử dụng không hết</p><p>Ngưng cho chó sử dụng ngày nếu cho sức hiện triệu chứng dị ứng bất thường như tiêu chảy, dị ứng</p><p>Tránh xa tầm tay trẻ em</p><h3><strong>Ưu điểm khi mua hàng tại PETS CARE</strong></h3><p>Khi mua hàng tại pets care bạn sẽ nhận được sản phẩm chất lượng, có nguồn gốc xuất xứ rõ ràng và giá cả vô cùng hợp lý. Ngoài ra, bạn có thể truy cập vào bachoaxanh.com chọn mua để được giao hàng tận nơi với đội ngũ nhân viên nhiệt tình, chu đáo.</p>', 4, 40000, 0, NULL, 'https://cdn.tgdd.vn/Products/Images/9818/272251/bhx/banh-thuong-dang-kem-cho-cho-smartheart-vi-thit-ga-va-cai-bo-xoi-goi-60g-202203261530570800.jpg', 100, 0, 0, 3, 'banh-thuong-dang-kem-cho-cho-smartheart-vi-thit-ga-va-cai-bo-xoi-goi-4-cay-x-15g', 1, '2023-07-28 10:00:18', '2023-07-28 10:00:18'),
(3, 'SP_Z1OSBX6', 'Thức ăn hạt mềm cho chó già Zenith gói 3kg', 'Thức ăn cho chó Zenith là hãng thức ăn cho chó rất được ưa chuộng tại thị trường Việt Nam, đa dạng các dòng sản phẩm tốt cho thú cưng. Thức ăn hạt mềm cho chó già Zenith gói 3kg thơm ngon, dinh dưỡng đảm bảo thú cưng sẽ được bổ sung nhiều dinh dưỡng cần thiết', '<h3><strong>Đôi nét về thương hiệu</strong></h3><p>Zenith là thương hiệu chuyên cung cấp các sản phẩm chăm sóc thú cưng chứa một hàm lượng dinh dưỡng cao tốt cho sức khỏe thú cưng. Đây là thương hiệu được sản xuất bởi Công ty BOW BOW phát triển từ khoảng năm 1997. Với quy trình công nghệ hiện đại cùng với chất liệu cao cấp nên an toàn cho thú cưng.</p><h3><strong>Thành phần dinh dưỡng có trong sản phẩm&nbsp;</strong></h3><p><img src=\"https://cdn.tgdd.vn/Products/Images/9818/284476/bhx/thuc-an-hat-mem-cho-cho-gia-zenith-goi-3kg-202208201104148672.jpg\" alt=\"Thức ăn hạt mềm cho chó già Zenith gói 3kg 0\"></p><p>Thức ăn hạt mềm cho chó già Zenith có chứa các thành phần như sau:&nbsp;Thịt ức gà, bột thịt gà, khoai tây, tinh bột mì, mỡ gà, dầu cá hồi, chiết xuất cây ngọc giá, dầu dừa, chất xơ, hỗ hợp vitamin và khoáng chất,...hầu hết các thành phần này đều an toàn và chất lượng</p><h3><strong>Tác dụng của sản phẩm đối với sức khỏe&nbsp;</strong></h3><p><img src=\"https://cdn.tgdd.vn/Products/Images/9818/284476/bhx/thuc-an-hat-mem-cho-cho-gia-zenith-goi-3kg-202208201106590992.jpeg\" alt=\"Thức ăn hạt mềm cho chó già Zenith gói 3kg 1\"></p><p>Thức ăn hạt mềm cho chó già Zenith có tác dụng tuyệt vời đối với sức khỏe như sau</p><p>Thức ăn được chế biến dưới dạng công thức mềm với công thức đặc biệt giúp dễ tiêu hóa, đốt cháy chất béo, mở thừa và kiểm soát cân nặng</p><p>Thành phần Chondroitin giúp tăng cường hệ miễn dịch và sức khỏe xương khớp của chó lớn tuổi cho xương khớp luôn khỏe mạnh</p><p>Hương vị thơm ngon, kích thích vị giác của người sử dụng</p><h3><strong>Bảo quản và lưu ý khi sử dụng sản phẩm</strong></h3><p>Bảo quản sản phẩm ở những nơi khô ráo, thoáng mát tránh tiếp xúc trực tiếp với ánh nắng hoặc ở những nơi có nhiệt độ cao</p><p>Đậy nắp bao bì kỹ sau mỗi lần cho chó sử dụng</p><p>Xem kỹ hạn sử dụng trước khi cho chó sử dụng</p><p>Tránh xa tầm tay trẻ em</p><h3><strong>Ưu điểm khi mua hàng tại PETS CARE</strong></h3><p>Khi mua hàng tại PETS CARE bạn sẽ nhận được sản phẩm chất lượng, có nguồn gốc xuất xứ rõ ràng và giá cả hợp lý. Ngoài ra, bạn có thể truy cập vào PetsCare.com chọn mua để được giao hàng tận nơi với đội ngũ nhân viên nhiệt tình, chu đáo.</p>', 2, 495000, 0, NULL, 'https://cdn.tgdd.vn/Products/Images/9818/284476/bhx/sellingpoint.jpg', 202, 0, 0, 8, 'thuc-an-hat-mem-cho-cho-gia-zenith-goi-3kg', 1, '2023-07-28 10:02:56', '2023-08-07 16:45:14'),
(4, 'SP_6L8HPKH', 'Thức ăn hạt khô cho chó lớn FIB\'S gói 400g', 'Thức ăn cho chó FIB\'S là hãng thức ăn cho chó rất tốt nổi tiếng tại thị trường Việt Nam, được nhiều khách hàng tin dùng cho thú cưng. Thức ăn hạt khô cho chó lớn FIB\'S gói 400g với vị đặc biệt, dành cho chó lớn, chứa nhiều dưỡng chất nuôi dưỡng thú cưng hiệu quả.', '<p>FIB\'S là thương hiệu thức ăn cho chó có nguồn gốc từ Pháp, với nguyên liệu cũng như công nghệ được chọn lựa kỹ lưỡng cho ra mắt các sản phẩm chất lượng cao. Tại Việt Nam có nhà máy sản xuất và đóng gói tại Bình Dương, cho các sản phẩm có mức giá hợp lý, dễ tiếp cận với nhiều đối tượng khách hàng.<br><img src=\"https://cdn.tgdd.vn/Products/Images/9818/289963/bhx/thuc-an-hat-kho-cho-cho-lon-fibs-goi-400g-202210141151314311.jpg\" alt=\"Thức ăn hạt khô cho chó lớn FIB\'S gói 400g 0\"></p><h3><strong>Thành phần dinh dưỡng trong sản phẩm</strong></h3><p>Thức ăn hạt khô cho chó lớn FIB\'S gói 400g dạng thức ăn hạt khô tiện dụng, làm từ các thành phần: Ngô, cám lúa mì, sản phẩm mì, gia cầm, bột cám gạo, đậu nành, gia cầm Fat, Wheat Gluten, thịt và xương,... Đảm bảo cung cấp được các chất dinh dưỡng: chất béo, chất xơ, protein, canxi,... phù hợp với sức khỏe thú cưng.</p><h3><strong>Tác dụng của sản phẩm với sức khỏe</strong></h3><p>Thức ăn hạt khô cho chó lớn FIB\'S gói 400g sản phẩm dành riêng cho chó trưởng thành, cho có ngay bữa ăn nhanh tiện lợi nhưng vẫn đảm bảo cung cấp đủ các chất dinh dưỡng cần thiết cho sự phát triển của thú cưng cũng như có năng lượng hoạt động cả ngày.<br><img src=\"https://cdn.tgdd.vn/Products/Images/9818/289963/bhx/thuc-an-hat-kho-cho-cho-lon-fibs-goi-400g-202210141151335891.jpg\" alt=\"Thức ăn hạt khô cho chó lớn FIB\'S gói 400g 1\"></p><h3><strong>Lưu ý khi sử dụng và cách bảo quản sản phẩm</strong></h3><ul><li><strong>Lưu ý:</strong> Tùy theo giống chó, độ tuổi mà có các chế độ ăn thực sự phù hợp, không lạm dụng sản phẩm, xem kỹ HDSD trước khi cho thú cưng dùng. Không sử dụng sản phẩm hết hạn hay có dấu hiệu lạ.</li><li><strong>Cách bảo quản:</strong> Nơi khô ráo, thoáng mát, tránh ánh sáng trực tiếp, đậy kín miệng túi ngay sau khi dùng sản phẩm. Tránh nơi ẩm mốc nhiều côn trùng quấy phá.</li></ul><p><img src=\"https://cdn.tgdd.vn/Products/Images/9818/289963/bhx/thuc-an-hat-kho-cho-cho-lon-fibs-goi-400g-202210141151339797.jpg\" alt=\"Thức ăn hạt khô cho chó lớn FIB\'S gói 400g 2\"></p><p>&nbsp;</p><h3><strong>Ưu điểm khi mua sản phẩm tại PETS CARE</strong></h3><ul><li>Thức ăn hạt khô cho chó lớn FIB\'S gói 400g đang được kinh doanh tại pets care với mức giá rất tốt, đa dạng các loại sản phẩm tha hồ cho bạn chọn lựa.</li><li>Dịch vụ tận tâm, ưu đãi hấp dẫn, giao hàng nhanh chóng tận nơi khi mua online tại Pets care</li></ul>', 1, 22000, 0, NULL, 'https://cdn.tgdd.vn/Products/Images/9818/289963/bhx/thuc-an-hat-kho-cho-cho-lon-fibs-goi-400g-202210141151309404.jpg', 48, 0, 0, 7, 'thuc-an-hat-kho-cho-cho-lon-fibs-goi-400g', 1, '2023-07-28 10:03:51', '2023-09-01 02:08:22'),
(5, 'SP_XTRSHIE', 'Thức ăn chó trưởng thành Ganador vị gà nướng gói 400g', 'Thức ăn chó là sản phẩm cần thiết cho sự phát triển toàn diện của bé cún. Thức ăn chó trưởng thành Ganador vị gà nướng gói 400g với hương vị gà nướng thơm ngon, giúp bé cún không bị ngán, bổ sung nhiều dinh dưỡng và vitamin. Thức ăn cho chó Ganador là sự lựa chọn của nhiều người.', '<h3><strong>Đôi nét về thương hiệu&nbsp;</strong></h3><p>Ganador là thương hiệu chuyên cung cấp các sản phẩm chăm sóc sức khoẻ cho chó có nguồn gốc xuất xứ từ Pháp. Thương hiệu này nhiều năm nghiên cứu và cho ra mắt các sản phẩm khác nhau phục vụ nhu cầu sử dụng cho bé cún.&nbsp;Chính vì thế, thương hiệu đã trờ nên nổi tiếng không chỉ ở Việt Nam mà còn lan rộng ra các nước trên Thế Giới. Với tiềm năng to lớn thương hiệu phát triển nhà máy tại Bình Dương cho đến ngày nay.</p><h3><strong>Thành phần có trong sản phẩm&nbsp;</strong></h3><p><img src=\"https://cdn.tgdd.vn/Products/Images/9818/289912/bhx/thuc-an-cho-truong-thanh-ganador-vi-ga-nuong-goi-400g-202210141139469486.jpg\" alt=\"Thức ăn chó trưởng thành Ganador vị gà nướng gói 400g 0\"></p><p>Thức ăn chó Ganador vị gà nướng có chứa các thành phần như sau:&nbsp;Ngũ cốc nguyên hạt, bột thịt gia cầm, bã nành, cám mì, mỡ gia cầm, khoáng chất, các vitamin, muối, chất bảo quản, chất chống oxy hoá, chất tạo màu, chất làm ngon miệng, hương gà nướng,...hầu hết các thành phần này đều an toàn cho chó khi sử dụng.</p><h3><strong>Tác dụng của sản phẩm đối với sức khoẻ chó</strong></h3><p><img src=\"https://cdn.tgdd.vn/Products/Images/9818/289912/bhx/thuc-an-cho-truong-thanh-ganador-vi-ga-nuong-goi-400g-202210141139489237.jpg\" alt=\"Thức ăn chó trưởng thành Ganador vị gà nướng gói 400g 1\"></p><p>Thức ăn chó Ganador vị gà nướng có những công dụng tuyệt vời cho chó như sau:</p><p>Tăng cường sức đề kháng hỗ trợ tốt cho đường tiêu hoá</p><p>Bổ sung Omega3 và Omega6 giúp bộ lông và da&nbsp;luôn óng mượt tự nhiên</p><p>Bổ sung Canxi và Protein giúp cho xương và răng luôn chắc khoẻ</p><p>Sản phẩm mang hương vị thơm ngon, kích thích vị giác giúp chó ăn ngon miệng hơn</p><h3><strong>Bảo quản và lưu ý khi sử dụng sản phẩm&nbsp;</strong></h3><p>Bảo quản sản phẩm ở những nơi khô ráo, thoáng mát tránh tiếp xúc trực tiếp với ánh nắng hoặc ở những nơi có nhiệt độ cao</p><p>Đậy gói bao bì kỹ sau mỗi lần cho chó sử dụng không hết</p><p>Tránh xa tầm tay trẻ em</p><p>Ngưng sử dụng nếu chó xuất hiện triệu chứng bất thường</p><h3><strong>Ưu điểm khi mua hàng tại Pets Care&nbsp;</strong></h3><p>Khi mua hàng tại Pets Care bạn sẽ nhận được sản phẩm chất lượng, có nguồn gốc xuất rõ ràng và giá cả hợp lý. Ngoài ra, bạn có thể truy cập vào petscare. com chọn mua để được giao hàng tận nơi. Ngoài ra, bạn có thể truy cập vào petscare.com chọn mua để được giao hàng tận nơi với đội ngũ nhân viên nhiệt tình, chu đáo.</p>', 1, 26000, 0, NULL, 'https://cdn.tgdd.vn/Products/Images/9818/289912/bhx/thuc-an-cho-truong-thanh-ganador-vi-ga-nuong-goi-400g-202210141139472684.jpg', 100, 0, 0, 2, 'thuc-an-cho-truong-thanh-ganador-vi-ga-nuong-goi-400g', 1, '2023-07-28 10:05:46', '2023-09-22 00:02:52'),
(6, 'SP_9UZ8CEC', 'Thức ăn cho chó Taste of the Wild High Prairie vị bò rừng và nai nướng túi 500g', 'Thức ăn cho chó Taste of the Wild High Prairie Puppy vị bò rừng và nai nướng túi 500g là sản phẩm thức ăn cho chó có xuất xứ tại Mỹ được tin dùng. Thức ăn cho chó Taste of the Wild là sản phẩm đạt chất lượng được tin dùng, có hương vị thơm ngon, bổ sung dinh dưỡng giúp thú cưng thêm khỏe mạnh.', '<h3><strong>Đôi nét về thương hiệu</strong></h3><p>Taste Of Wild là thương hiệu thức ăn cho chó nổi tiếng với đầy đủ đa dạng các dạng thức ăn, được hãng nghiên cứu kỹ lưỡng, lựa chọn nguyên liệu phù hợp với đa dạng các giống chó khác nhau và giai đoạn phát triển của chúng.<br>Cùng với xuất xứ từ Mỹ, cho các sản phẩm được sản xuất trên dây chuyền hiện đại, áp dụng công nghệ cao, đạt chất lượng cũng như tiêu chuẩn quốc tế khi có mặt ở rất nhiều các quốc gia trên thế giới, thu hút được nhiều khách hàng tin dùng và chọn lựa cho cún cưng của mình.<br><img src=\"https://cdn.tgdd.vn/Products/Images/9818/283450/bhx/thuc-an-cho-cho-taste-of-wild-high-prairie-puppy-vi-bo-rung-va-nai-nuong-tui-500g-202207051048373680.jpg\" alt=\"Thức ăn cho chó Taste of the Wild High Prairie vị bò rừng và nai nướng túi 500g 0\"></p><h3><strong>Thành phần dinh dưỡng trong sản phẩm</strong></h3><p>Thức ăn cho chó Taste Of Wild High Prairie vị bò rừng và nai nướng túi 500g dạng thức ăn hạt khô làm từ các nguyên liệu: Bò (12%), bột thịt cừu, khoai lang, bột gà, đậu Hà Lan, khoai tây, mỡ gà, sản phẩm trứng, thịt nai nướng (4%), thịt bò, bã ép cà chua, protein khoai tây,...<br>Đảm bảo cung cấp được các giá trị dinh dưỡng thiết yếu: Độ ẩm max 10%, protein thô min 32%, béo thô min 18%, xơ thô max 3%, khoáng tổng số max 9.2%, omega 6 min 2.8%, omega 3 min 0.3%. Phù hợp cho sự phát triển của cún cưng.<br><img src=\"https://cdn.tgdd.vn/Products/Images/9818/283450/bhx/thuc-an-cho-cho-taste-of-wild-high-prairie-puppy-vi-bo-rung-va-nai-nuong-tui-500g-202207051048393844.jpg\" alt=\"Thức ăn cho chó Taste of the Wild High Prairie vị bò rừng và nai nướng túi 500g 1\"></p><h3><strong>Tác dụng của sản phẩm với sức khỏe</strong></h3><p>Thức ăn cho chó Taste Of Wild High Prairie vị bò rừng và nai nướng túi 500g, thú cưng có thể ăn ngay trực tiếp tiện dụng, cho ngay bữa ăn nhanh chóng nhưng vẫn đảm bảo cung cấp đầy đủ năng lượng và các chất dinh dưỡng thiết yếu, kích thích sự phát triển toàn diện, an toàn cho da, lông cũng như đường ruột của chó.</p><h3><strong>Lưu ý khi sử dụng và cách bảo quản sản phẩm</strong></h3><ul><li><strong>Lưu ý:</strong> Sản phẩm thức ăn dành cho chó, nên xem kỹ HDSD, thành phần để có lượng ăn phù hợp cho từng thú cưng lở các giai đoạn khác nhau trên bao bì. Không dùng sản phẩm đã hết hạn, không rõ nguồn gốc hay có bất kỳ dấu hiệu bất thường nào.</li><li><strong>Cách bảo quản:</strong> Dùng ngay khi mở bao bì, cho lượng vừa đủ dùng trong 1 lần, để nơi khô ráo thoáng mát, tránh nước. Tránh nơi có nhiệt độ cao hay ánh nắng trực tiếp, tránh vật sắc nhọn, đè nén có thể gây rách, biến dạng sản phẩm.</li></ul><p><img src=\"https://cdn.tgdd.vn/Products/Images/9818/283450/bhx/thuc-an-cho-cho-taste-of-wild-high-prairie-puppy-vi-bo-rung-va-nai-nuong-tui-500g-202207051048410811.jpg\" alt=\"Thức ăn cho chó Taste of the Wild High Prairie vị bò rừng và nai nướng túi 500g 2\"></p><p>&nbsp;</p><h3><strong>Ưu điểm khi mua sản phẩm tại PETS CARE</strong></h3><ul><li>Thức ăn cho chó Taste Of Wild Sierra Mountain Roasted Lamb vị thịt cừu nướng túi 2kg đang được kinh doanh tại Pets Care với mức giá rất tốt, đa dạng các loại sản phẩm tha hồ cho bạn chọn lựa.</li><li>Dịch vụ tận tâm, ưu đãi hấp dẫn, giao hàng nhanh chóng tận nơi khi mua online tại Pets Care.</li></ul>', 1, 138000, 0, NULL, 'https://cdn.tgdd.vn/Products/Images/9818/283450/bhx/thuc-an-cho-cho-taste-of-wild-high-prairie-puppy-vi-bo-rung-va-nai-nuong-tui-500g-202207051048373680.jpg', 190, 0, 0, 5, 'thuc-an-cho-cho-taste-of-the-wild-high-prairie-vi-bo-rung-va-nai-nuong-tui-500g', 1, '2023-07-28 10:08:53', '2023-08-23 00:48:59'),
(7, 'SP_RH4V8XG', 'Thức ăn cho giống chó nhỏ Ganador vị thịt bò nướng túi 2kg', 'Được sản xuất trên dây chuyền hiện đại nên thức ăn cho chó này an toàn, hợp vệ sinh. Thức ăn cho giống chó nhỏ Classic vị thịt bò nướng túi 2kg giúp bé cún phát triển một cách toàn diện, tăng hệ miễn dịch. Thức ăn cho chó SmartHeart là sự lựa chọn hàng đầu của những người nuôi thú cưng.', '<p>Ganador là 1 trong những thương hiệu thức ăn cho chó vô cùng nổi tiếng tại Thái Lan, nổi bật với các sản phẩm thức ăn hạt tổng hợp các chất dinh dưỡng thiết yếu, chứa nhiều thành phần dinh dưỡng cho cún cưng có ngay bữa ăn tiện dụng, tiết kiệm được nhiều thời gian.<br>Là thương hiệu có nhiều kinh nghiệm trong nghề, hãng luôn chọn lựa các thành phần tự nhiên cũng như áp dụng công nghệ hiện đại nhất cho các sản phẩm chất lượng cao giá rất tốt và có mặt tại nhiều tụ điểm bán hàng uy tín tại Việt Nam tha hồ cho bạn chọn lựa.<br><img src=\"https://cdn.tgdd.vn/Products/Images/9818/272656/bhx/thuc-an-cho-giong-cho-nho-classic-vi-thit-bo-nuong-tui-2kg-202203200122213597.jpg\" alt=\"Thức ăn cho giống chó nhỏ Classic vị thịt bò nướng túi 2kg 0\"></p><h3><strong>Thành phần dinh dưỡng trong thức ăn cho giống chó nhỏ Ganador vị thịt bò nướng túi 2kg</strong></h3><p>Thức ăn hạt dinh dưỡng là 1 trong số những loại thực phẩm thông dụng nhất mà hầu hết các khách hàng đều chọn lựa cho vật nuôi, làm từ các thành phần: Bắp, bột gia cầm, bột đậu nành, bột sắn, cám gạo, khoáng chất, mỡ gia cầm, đậu nành béo vừa đủ, vitamin, chất gia vị,...<br>Sản phẩm hoàn toàn làm từ nguyên liệu tự nhiên cùng công nghệ chế biến hiện đại, độc quyền qua quá trình nghiên cứu và tìm hiểu kỹ lưỡng, chuẩn an toàn vệ sinh cho thực phẩm chứa giá trị dinh dưỡng lành tính cần thiết như: Độ ẩm 10%, đạm 22%, xơ 5%, tro 10%, chất béo 8% và nhiều dưỡng chất thiết yếu khác phù hợp cho sức khỏe và sự phát triển toàn diện của thú cưng.<br><img src=\"https://cdn.tgdd.vn/Products/Images/9818/272656/bhx/thuc-an-cho-giong-cho-nho-classic-vi-thit-bo-nuong-tui-2kg-202203200122223917.jpg\" alt=\"Thức ăn cho giống chó nhỏ Classic vị thịt bò nướng túi 2kg 1\"></p><h3><strong>Tác dụng của thức ăn cho giống chó nhỏ Classic vị thịt bò nướng túi 2kg với sức khỏe</strong></h3><p>Dạng thức ăn hạt khô ngon, với tổng hợp đầy đủ các chất dinh dưỡng, được các chuyên gia nghiên cứu kỹ lưỡng cho ra mắt với các công dụng nổi bật như:</p><ul><li>Thức ăn hạt khô cho chó với tổng hợp đầy đủ các chất dinh dưỡng thiết yếu cho nhu cầu sinh hoạt hàng ngày cũng như từng giai đoạn phát triển của cún cưng.</li><li>Cho bữa ăn nhanh chóng, tiết kiệm được thời gian nhưng lại phù hợp, không ảnh hưởng xấu đến sức khỏe, tốt cho hệ tiêu hóa ở thú cưng.</li></ul><p><img src=\"https://cdn.tgdd.vn/Products/Images/9818/272656/bhx/thuc-an-cho-giong-cho-nho-classic-vi-thit-bo-nuong-tui-2kg-202203200122232063.jpg\" alt=\"Thức ăn cho giống chó nhỏ Classic vị thịt bò nướng túi 2kg 2\"></p><p>&nbsp;</p><h3><strong>Lưu ý khi sử dụng và cách bảo quản thức ăn cho giống chó nhỏ Classic vị thịt bò nướng túi 2kg</strong></h3><ul><li><strong>Lưu ý:</strong> Cho ăn theo bảng hướng dẫn cho ăn in trên bao bì để sử dụng hợp lý, đạt hiệu quả cao nhất cũng như đúng liều lượng cho từng giai đoạn phát triển của thú cưng. Không làm dụng loại thực phẩm để tránh làm phụ thuộc, cho thú cưng uống đủ liều lượng nước. Không dùng sản phẩm hết hạn hay bị biến chất, khác lạ.</li><li><strong>Cách bảo quản:</strong> Đậy kín miệng ngay sau khi dùng, để nơi khô ráo dành riêng khu vực cho thú cưng, thoáng mát, nhiệt độ thường, tránh nơi ẩm mốc, nhiệt độ cao, côn trùng, tránh lửa có thể gây hỏng sản phẩm.</li></ul><p>&nbsp;</p><h3><strong>Ưu điểm khi mua sản phẩm tại PETS CARE</strong></h3><ul><li>Thức ăn cho giống chó nhỏ Classic vị thịt bò nướng túi 2kg đang được kinh doanh tại pets care với mức giá hợp lý, cam kết chính hãng 100%, thành phần tự nhiên và giàu dinh dưỡng.</li><li>Mua ngay tại pets care &nbsp;online để có được giá ưu đãi, giao hàng nhanh chóng tận nơi kèm dịch vụ nhiệt tình, tận tâm và chu đáo.</li></ul>', 3, 115000, 0, NULL, 'https://cdn.tgdd.vn/Products/Images/9818/272656/bhx/thuc-an-cho-giong-cho-nho-classic-vi-thit-bo-nuong-tui-2kg-202203200122213597.jpg', 50, 0, 0, 2, 'thuc-an-cho-giong-cho-nho-ganador-vi-thit-bo-nuong-tui-2kg', 1, '2023-07-28 10:09:36', '2023-09-01 02:08:22'),
(8, 'SP_PA5MS8J', 'Thức ăn cho chó Natural Core Eco2 thịt vịt gói 1kg', 'Đến từ thương hiệu thức ăn chó Natural Core, thương hiệu thức ăn cho chó nổi tiếng được nhiều người tin dùng. Thức ăn cho chó Natural Core Eco2 thịt vịt gói 1kg với nguồn nguyên liệu an toàn, nhiều dinh dưỡng đến từ thịt vịt, đảm bảo sức khoẻ cho các bé cún.', '<p>Natural Core là thương hiệu chuyên cung cấp các sản phẩm chăm sóc thú cưng nổi tiếng có nguồn gốc xuất xứ tại Hàn Quốc được nhiều người đánh giá cao về chất lượng. Với thành hữu cơ tự nhiên nên mang đến những sản phẩm chất lượng, an toàn cho cho thú cưng khi sử dụng. Một trong những sản phẩm tạo nên tên tuổi của thương hiệu này đó chính là thức ăn cho chó&nbsp;Natural Core.</p><h3><strong>Thành phần có trong sản phẩm&nbsp;</strong></h3><p><img src=\"https://cdn.tgdd.vn/Products/Images/9818/284471/bhx/thuc-an-cho-cho-natural-core-eco2-thit-vit-goi-1kg-202208201401541677.jpg\" alt=\"Thức ăn cho chó Natural Core Eco2 thịt vịt gói 1kg 0\"></p><p>Thức ăn cho chó Natural Core Eco2 thịt vịt có chứa các thành phần như sau:&nbsp;Thịt vịt không xương, khoai lang hữu cơ, lúa mì hữu cơ nguyên hạt, lúa mạch hữu cơ nguyên hạt, gạo lứt hữu cơ nguyên hạt, mỡ gà, bột hạt hướng dương hữu cơ, đậu nành hữu cơ, tía tô hữu cơ, isomalto oligosaccharide hữu cơ, canxi photphat, hạt lanh hữu cơ nguyên hạt, cây linh thảo, muối khô, yến mạch hữu cơ nguyên hạt...hầu hết các thành phần này đều được kiểm nghiệm nên an toàn cho chó khi sử dụng.</p><h3><strong>Tác dụng của sản phẩm đối với sức khỏe chó&nbsp;</strong></h3><p><img src=\"https://cdn.tgdd.vn/Products/Images/9818/284471/bhx/thuc-an-cho-cho-natural-core-eco2-thit-vit-goi-1kg-202208201401563021.jpg\" alt=\"Thức ăn cho chó Natural Core Eco2 thịt vịt gói 1kg 1\"></p><p>Thức ăn cho chó Natural Core thịt vịt là sản phẩm chứa nhiều chất dinh dưỡng có những công dụng tuyệt vời đối với súc&nbsp; khỏe như sau:</p><p>Thức ăn cho chó được làm từ thịt vịt không xương tốt cho sức khỏe mèo và giúp cho bộ lông luôn săn chắc óng mượt tự nhiên</p><p>Tăng cường hệ miễn dịch giúp hạn chế tình trạng bệnh tật ở mèo</p><p>Hạn chế tình trạng lão hóa ở mèo</p><p>Ngoài ra, thịt vịt còn có tác dụng làm giảm đi stress căng thẳng và sự mệt mõi ở mèo</p><p>Bảo quản và lưu ý khi sử dụng sản phẩm</p><p>Bảo quản sản phẩm ở những nơi khô ráo, thoáng mát tránh tiếp xúc trực tiếp với ánh nắng hoặc ở những nơi có nhiệt độ cao</p><p>Đậy gói bao bì sản phẩm kỹ sau mỗi lần cho mèo sử dụng còn dư</p><p>Ngưng sử dụng khi mèo xuất hiện triệu chứng bất thường</p><p>Tránh xa tầm tay trẻ em</p><h3><strong>Ưu điểm khi mua hàng tại PETS CARE</strong></h3><p>Khi mua hàng tại pets care bạn sẽ nhận được sản phẩm chất lượng, có nguồn gốc xuất xứ rõ ràng và giá cả vô cùng hợp lý. Ngoài ra, bạn có thể truy cập vào pets care.com chọn mua để được giao hàng tận nơi với đội ngũ nhân viên nhiệt tình, chu đáo.</p>', 1, 250000, 0, NULL, 'https://cdn.tgdd.vn/Products/Images/9818/284471/bhx/thuc-an-cho-cho-natural-core-eco2-thit-vit-goi-1kg-202208201401541677.jpg', 60, 0, 0, 4, 'thuc-an-cho-cho-natural-core-eco2-thit-vit-goi-1kg', 1, '2023-07-28 10:13:53', '2023-09-01 02:08:22'),
(9, 'SP_TTWAZB6', 'Thức ăn giống chó nhỏ trưởng thành SmartHeart vị thịt bò nướng túi 1.5kg', 'Được sản xuất trên dây chuyền hiện đại nên thức ăn cho chó SmartHeart an toàn, hợp vệ sinh. Thức ăn giống chó nhỏ SmartHeart vị thịt bò nướng 1.5kg chứa nhiều dưỡng chất giúp bé cún khoẻ mạnh, phát triển toàn diện. Thức ăn chó SmartHeart là sự lựa chọn của nhiều người yêu thú cưng', '<h3><strong>Đôi nét về thương hiệu&nbsp;</strong></h3><p>SmartHeart là thuơng hiệu chuyên cung cấp các sản phẩm chăm sóc sức khoẻ thú cưng chứa một hàm lượng dinh dưỡng cao giúp chăm sóc sức khoẻ thú cưng một cách toàn diện. &nbsp;Đây là thương hiệu thuộc tập đoàn Perfect là công ty liên doanh tập đoàn Charoen Pokphand (CP). Đây&nbsp;là tập đoàn đa quốc gia đứng đầu trong ngành nông nghiệp với Smartheart là dòng sản phẩm được nhập khẩu và phân phối tại Việt Nam bởi công ty Perfect Companion Việt Nam.</p><h3><strong>Thành phần có trong sản phẩm</strong></h3><p><img class=\"image_resized\" style=\"width:540px;\" src=\"https://cdn.tgdd.vn/Products/Images/9818/273069/bhx/thuc-an-giong-cho-nho-truong-thanh-smartheart-vi-thit-bo-nuong-tui-15kg-202203200124282286.jpg\" alt=\"Thức ăn giống chó nhỏ trưởng thành SmartHeart vị thịt bò nướng túi 1.5kg 0\"></p><p>Thức ăn chó nhỏ SmartHeart vị thịt bò có chứa các thành phần như sau:&nbsp;Bắp, bột gia cầm, gạo, khô dầu đậu tương, mỡ gia cầm, đậu tương nguyên dầu, nấm men sấy khô, lecithin, dầu cá, muối i ốt, chất tạo mùi, premix và khoáng chất, chất tạo màu, chất chống oxy hoá,.. hầu hết các thành phần này đều an toàn cho thú cưng.</p><h3><strong>Tác dụng của sản phẩm đối với sức khoẻ thú cưng&nbsp;</strong><br><img class=\"image_resized\" style=\"width:540px;\" src=\"https://cdn.tgdd.vn/Products/Images/9818/273069/bhx/thuc-an-giong-cho-nho-truong-thanh-smartheart-vi-thit-bo-nuong-tui-15kg-202203200124298248.jpg\" alt=\"Thức ăn giống chó nhỏ trưởng thành SmartHeart vị thịt bò nướng túi 1.5kg 1\"></h3><p>Thức ăn chó nhỏ SmartHeart thịt bò nướng là sản phẩm chứa nhiều dưỡng chất bởi chúng có những ưu điểm và công dụng nổi bậc như sau:</p><p>Bổ sung các dưỡng chất cần thiết giúp chăm sóc sức khoẻ thú cưng một cách toàn diện</p><p>Bổ sung canxi giúp xương và răng luôn chắc khoẻ</p><p>Bổ sung thêm dầu cá và lexithin giúp tăng cường chức năng hệ thần kinh não bộ và trái tim luôn khoẻ mạnh.</p><p>Hương vị thơm ngon, kích thích vị giác giúp chó&nbsp;ăn ngon miệng hơn</p><h3><strong>Bảo quản và lưu ý khi sử dụng sản phẩm&nbsp;</strong></h3><p>Bảo quản sản phẩm ở những nơi khô ráo, thoáng mát tránh tiếp xúc trực tiếp với ánh nắng hoặc ở những nơi có nhiệt độ cao.</p><p>Đậy gói bao bì kỹ sau mỗi lần cho chó sử dụng còn dư</p><p>Ngưng sử dụng khi chó xuất hiện triệu chứng bất thường như tiêu chảy, dị ứng</p><p>Tránh xa tầm tay trẻ em</p><h3><strong>Ưu điểm khi mua hàng tại Pets Care</strong></h3><p>Khi mua hàng tại Pets Care bạn sẽ nhận được sản phẩm chất lượng, có nguồn gốc xuất xứ rõ ràng và giá cả hợp lý. Ngoài ra, bạn có thể truy cập vào PetsCare.com chọn mua để được giao hàng tận nơi với đội ngũ nhân viên nhiệt tình, chu đáo.&nbsp;</p>', 2, 110000, 0, NULL, 'https://cdn.tgdd.vn/Products/Images/9818/273069/bhx/sellingpoint.jpg', 100, 0, 0, 3, 'thuc-an-giong-cho-nho-truong-thanh-smartheart-vi-thit-bo-nuong-tui-15kg', 1, '2023-07-28 10:15:16', '2023-08-12 03:07:50'),
(10, 'SP_RAXDR5G', 'Thức ăn cho chó Taste of the Wild Pacific Stream Smoked Salmon vị cá hồi xông khói túi 500g', 'Thức ăn cho chó Taste of the Wild vị cá hồi xông khói túi 500g có vị cá hồi xông khói thơm cũng cấp chất dinh dưỡng cho những chú chó. Thức ăn cho chó Taste of the Wild là thương hiệu Mỹ có nhiều sản phẩm thức ăn cho chó đạt chất lượng được tin dùng.', '<h3><strong>Đôi nét về thuơng hiệu&nbsp;</strong></h3><p>Taste of the Wild là thương hiệu chuyên cung cấp các sản phẩm chăm sóc chó chứa nhiều dưỡng chất giúp thú cưng phát triển một cách toàn diện.&nbsp; Thương hiệu Taste of the Wild có xuất xứ từ Mỹ, được sản xuất Công ty Diamond Pet Foods, được thành lập vào năm 1970. Đây là một trong những công ty nổi tiếng của Hoa Kỳ về các sản phẩm thức ăn dành cho thú cưng.</p><h3><strong>Thành phần có trong sản phẩm</strong></h3><p><img src=\"https://cdn.tgdd.vn/Products/Images/9818/283451/bhx/thuc-an-cho-cho-taste-of-wild-pacific-stream-smoked-salmon-vi-ca-hoi-xong-khoi-tui-500g-202207270934411690.jpg\" alt=\"Thức ăn cho chó Taste of the Wild Pacific Stream Smoked Salmon vị cá hồi xông khói túi 500g 0\"></p><p>Thức ăn chó Taste of the Wild cá hồi có chứa các thành phần như sau:&nbsp;Cá hồi (21%), bột cá biển, khoai lang, khoai tây, đậu hà lan, dầu hạt cải, đậu lăng, bột cá hồi, cá hồi xông khói (4%), chất xơ khoai tây, khoáng chất, rễ rễ rau diếp xoăn thô, cà chua, quả việt quất, quả mâm xôi, chiết xuất yucca schidigera,.. hầu hết các thành phần này đều an toàn cho chó khi sử dụng.</p><h3><strong>Tác dụng của sản phẩm đối với sức khoẻ&nbsp;</strong></h3><p><img src=\"https://cdn.tgdd.vn/Products/Images/9818/283451/bhx/thuc-an-cho-cho-taste-of-wild-pacific-stream-smoked-salmon-vi-ca-hoi-xong-khoi-tui-500g-202207270934443944.jpg\" alt=\"Thức ăn cho chó Taste of the Wild Pacific Stream Smoked Salmon vị cá hồi xông khói túi 500g 1\"></p><p>Thức ăn chó Taste of the Wild cá hồi là sản phẩm chứa nhiều dưỡng chất có công dụng tuyệt vời trong việc chăm sóc sức khoẻ thú cưng như sau:</p><p>Cung cấp các dưỡng chất và Protein giúp chăm sóc sức khoẻ thú cưng một cách toàn diện</p><p>Bổ sung Canxi giúp răng và xương luôn chắc khoẻ</p><p>Thức ăn mang hương vị thơm ngon giúp kích thích vị giác giúp chó ăn ngon miệng hơn</p><h3><strong>Bảo quản và lưu ý khi sử dụng sản phẩm&nbsp;</strong></h3><p>Bảo quản sản phẩm ở những nơi khô ráo, thoáng mát tránh tiếp xúc trực tiếp với ánh nắng hoặc ở những nơi có nhiệt độ cao</p><p>Đậy gói bao bì kỹ sau mỗi lần sử dụng sản phẩm</p><p>Ngưng sử dụng nếu mèo xuất hiện triệu chứng bất thường</p><p>Tránh xa tầm tay trẻ em</p><h3><strong>Ưu điểm khi mua hàng tại Pets Care&nbsp;</strong></h3><p>Khi mua hàng tại Pets Care bạn sẽ nhận được sản phẩm chất lượng, có nguồn gốc xuất xứ rõ ràng và giá cả vô cùng phải chăng. Ngoài ra, bạn có thể truy cập vào petscare.com chọn mua để được giao hàng tận nơi với đội ngũ nhân viên nhiệt tình, chu đáo.</p>', 2, 138000, 0, NULL, 'https://cdn.tgdd.vn/Products/Images/9818/283451/bhx/thuc-an-cho-cho-taste-of-wild-pacific-stream-smoked-salmon-vi-ca-hoi-xong-khoi-tui-500g-202207270934411690.jpg', 70, 0, 0, 5, 'thuc-an-cho-cho-taste-of-the-wild-pacific-stream-smoked-salmon-vi-ca-hoi-xong-khoi-tui-500g', 1, '2023-07-28 10:19:15', '2023-09-01 02:08:22'),
(11, 'SP_2WMM061', 'Thức ăn hạt mềm cho chó Origi-7 vị thịt bò gói 1.2kg', 'Thức ăn hạt mềm cho chó Origi-7 vị thịt bò gói 1.2kg chính hãng, bán với giá tốt tại Pets Care, giao hàng nhanh chóng tận nơi, phục vụ tận tình', '<h3><strong>Đôi nét về thương hiệu</strong></h3><p>Origi 7 là thương hiệu có nguồn gốc xuất xứ tại Hàn Quốc chuyên cung cấp các sản phẩm chăm sóc thú cưng được nhiều người yêu thích. Hầu hết các sản phẩm của thưong hiệu này đều được sản xuất theo quy trình hiện đại, tiên tiến và các thành phần an toàn nên đảm bảo độ an toàn cho thú cưng mỗi khi sử dụng.</p><h3><strong>Thành phần có trong sản phẩm&nbsp;</strong></h3><p><img class=\"image_resized\" style=\"width:602px;\" src=\"https://lh6.googleusercontent.com/RoliJJh3Rq-jkeP4-t4ZMKMroaxG138FAIIyGa0mO2f9M8x485Q7nAimg2QHtBTc07IcwGLMt8UZaLaujA86r_nOOKsnejiKCEAYHipvUf9_ptI9yQvaZV49LPMWQxrS8mjc9PU9DRokfvhYJUCYHhI\" alt=\"Thức ăn hạt mềm cho chó Origi-7 vị thịt bò gói 1.2kg 0\"></p><p>Thức ăn chó Origi-7 thịt bò có chứa các thành phần như sau: Thịt bò, thịt gà hữu cơ, lúa mạch hữu cơ, dầu gà, glycerine thực vật, gạo hữu cơ, gan gà, bột hạt hướng dương hữu cơ, bột hạt vừng hữu cơ,.. hầu hết các thành phần này đều toàn cho chó sử dụng.</p><h3><strong>Tác dụng của sản phẩm đối với sức khỏe thú cưng&nbsp;</strong></h3><p>Thức ăn chó Origi-7 thịt bò là sản phẩm chứa nhiều dưỡng chất chúng có những ưu điểm và công dụng nổi bậc như sau:</p><p>Được làm từ nguyên liệu thịt bò tươi ngon và được chứng nhận hữu cơ bởi USSD giúp cải thiện khả năng tiêu hóa, tăng cường miễn dịch và giảm mùi hôi từ phân hiệu quả .</p><p>Sản phẩm đã áp dụng phương pháp sấy khô ở nhiệt độ thấp giúp giữ nguyên hương vị và giá trị dinh dưỡng</p><p>Hàm lượng tro thấp do sản xuất từ 100% thịt tươi</p><p>Hương vị thơm ngon kích thích vị giác giúp chó ăn ngon miệng hơn</p><h3><strong>Bảo quản và lưu ý khi sử dụng sản phẩm&nbsp;</strong></h3><p><img class=\"image_resized\" style=\"width:602px;\" src=\"https://lh6.googleusercontent.com/v8c6SNYwTvLqGfHbMS0MOjLL3GDkiFChtm1l8J7-T1DJUawQYVHSFyh9Bbsxhzy4AP900-mkChMI8rx8hkroMX_2MZpnAoJcAFoKLTSH5CrygNGvmpwvlUIngLL76_PwTJaZ5S2bjc3FNkAvXZbIDY4\" alt=\"Thức ăn hạt mềm cho chó Origi-7 vị thịt bò gói 1.2kg 1\"></p><p>Bảo quản sản phẩm ở những nơi khô ráo, thoáng mát tránh tiếp xúc trực tiếp với ánh nắng hoặc ở những nơi có nhiệt độ cao</p><p>Đậy nắp kỹ sau mỗi lần sử cho chó sử dụng không hết</p><p>Tránh xa tầm tay trẻ em</p><p>Ngưng sử dụng và thăm khám bác sĩ thú y nếu chó xuất hiện triệu chứng bất thường.</p><h3><strong>Ưu điểm khi mua hàng tại Pets Care</strong></h3><p>Khi mua hàng tại Pets Care, bạn sẽ nhận được sản phẩm chất lượng, có nguòno gốc xuất xứ rõ ràng và giá cả hợp lý. Ngoài ra, bạn có thể truy cập vào PetsCare.com chọn mua để được giao hàng tận nơi với đội ngũ nhân viên nhiệt tình, chu đáo.</p>', 1, 250000, 0, NULL, 'https://cdn.tgdd.vn/Products/Images/9818/283139/bhx/sellingpoint.jpg', 40, 0, 0, 9, 'thuc-an-hat-mem-cho-cho-origi-7-vi-thit-bo-goi-12kg', 1, '2023-07-28 10:19:28', '2023-08-05 12:48:54'),
(12, 'SP_IWHSGXH', 'Thức ăn hạt mềm cho chó Origi-7 thịt vịt gói 1.2kg', 'Thức ăn cho chó Origi-7 là thương hiệu cung cấp thực phẩm cho chó có tiếng tại Việt Nam với đa dạng các loại sản phẩm khác nhau, độc đáo. Thức ăn hạt mềm cho chó Origi-7 thịt vịt gói 1.2kg gói lớn tiện dụng, sử dụng lâu dài, vị thịt vị kích thích vị giác của mèo tốt, bổ sung nhiều dưỡng chất.', '<p>Origi 7 là thương hiệu có nguồn gốc xuất xứ tại Hàn Quộc được nhiều người lựa chọn cho thú cưng của mình.&nbsp;Hầu hết các sản phẩm của thương hiệu được làm từ những thành phần an toàn sản xuất theo quy trình công nghệ hiện đại nên mang lại những sản phẩm chất lượng nhất.</p><h3><strong>Thành phần có trong sản phẩm&nbsp;</strong></h3><p><img src=\"https://cdn.tgdd.vn/Products/Images/9818/285270/bhx/thuc-an-hat-mem-cho-cho-origi-7-thit-vit-goi-12kg-202210140900581810.jpg\" alt=\"Thức ăn hạt mềm cho chó Origi-7 thịt vịt gói 1.2kg 0\"></p><p>Thức ăn chó Origi-7 thịt vịt 1.2kg có chứa các thành phần như sau: thịt vịt, thịt gà hữu cơ, glutein ngôn hữu cơ, gạo lứt, lúa mạch hữu cơ, dầu gà,.. hầu hết các thành phần này đều an toàn và tốt cho sức khoẻ thú cưng.</p><h3><strong>Tác dụng của sản phẩm đối với sức khoẻ.&nbsp;</strong></h3><p>Thức ăn chó Origi-7 thịt vịt là sản phẩm chứa nhiều dưỡng chất có những công dụng và ưu điểm tuyệt vời đối với sức khoẻ như sau:</p><p>Sản phẩm&nbsp;được làm từ thịt vịt tươi ngon được chứng nhận bởi USSD giúp cải thiện khả năng tiêu hoá và tăng cường hệ miễn dịch giảm mùi hôi phân</p><p>Sản phẩm sử dụng phương pháp sấy khô ở nhiệt độ thấp giúp bảo đảm được độ dinh dưỡng của sản phẩm</p><p>Hương vị thơm ngon, kích thích vị giác giúp mèo ăn ngon miệng hơn</p><p>Cung cấp Canxi cho xương và răng mèo luôn chắc khoẻ</p><h3><strong>Bảo quản và lưu ý khi sử dụng sản phẩm&nbsp;</strong></h3><p><img src=\"https://cdn.tgdd.vn/Products/Images/9818/285270/bhx/thuc-an-hat-mem-cho-cho-origi-7-thit-vit-goi-12kg-202210140900594956.jpg\" alt=\"Thức ăn hạt mềm cho chó Origi-7 thịt vịt gói 1.2kg 1\"></p><p>Bảo quản sản phẩm ở những nơi khô ráo, thoáng mát tránh tiếp xúc trực tiếp với ánh nắng hoặc ở những nơi có nhiệt độ cao</p><p>Đậy nắp kỹ sau mỗi lần cho chó sử dụng còn dư</p><p>Tránh xa tầm tay trẻ em</p><p>Ngưng sử dụng nếu chó xuất hiện triệu chứng bất thường</p><h3><strong>Ưu điểm khi mua hàng tại PETS CARE</strong></h3><p>Khi mua hàng tại Pets care bạn sẽ nhận được sản phẩm chất lượng, có nguồn gốc xuất xứ rõ ràng và giá cả hợp lý. Ngoài ra, bạn có thể truy cập vào Petscare.com chọn mua để được giao hàng tận nơi với đội ngũ nhân viên nhiệt tình, chu đáo.</p>', 7, 250000, 0, NULL, 'https://cdn.tgdd.vn/Products/Images/9818/285270/bhx/thuc-an-hat-mem-cho-cho-origi-7-thit-vit-goi-12kg-202210140900577797.jpg', 40, 0, 0, 9, 'thuc-an-hat-mem-cho-cho-origi-7-thit-vit-goi-12kg', 1, '2023-07-28 10:20:12', '2023-09-01 02:08:22'),
(13, 'SP_UFXBOWQ', 'Thức ăn cho chó Natural Core Eco1 vị thịt cừu gói 1kg', 'Đến từ thương hiệu thức ăn chó Natural Core, thương hiệu thức ăn cho chó nổi tiếng được nhiều người tin dùng. Thức ăn cho chó Natural Core Eco1 vị thịt cừu gói 1kg với nguồn nguyên liệu an toàn, nhiều dinh dưỡng đến từ thịt cừu, đảm bảo sức khoẻ cho các bé cún.', '<h3><strong>Đôi nét về thương hiệu&nbsp;</strong></h3><p>Natural Core&nbsp;là thương hiệu chuyên cung cấp các sản phẩm chăm sóc thú cưng nổi tiếng có nguồn gốc xuất xứ từ Hàn Quốc. Thương hiệu&nbsp;Natural Core&nbsp;được đánh giá cao bởi hầu hết các sản phẩm của thương hiệu đều được sản xuất theo dây chuyền công nghệ hiện đại cùng với những nguyên liệu cao cấp nên cho ra mắt những san phẩm chất lượng có những công dụng tuyệt vời cho cún.</p><h3><strong>Thành phần có trong sản phẩm&nbsp;</strong></h3><p><img src=\"https://cdn.tgdd.vn/Products/Images/9818/283131/bhx/thuc-an-cho-cho-natural-core-eco1-vi-thit-cuu-goi-1kg-202208201359496968.jpg\" alt=\"Thức ăn cho chó Natural Core Eco1 vị thịt cừu gói 1kg 0\"></p><p>Thức ăn chó Natural Core Eco1 thịt cừu có những công dụng và ưu điểm tuyệt vời đối với sức khỏe cho mèo như:</p><p>Sản phẩm được làm từ thịt cừu tươi bỏ rút xương không những tốt cho sức khỏe mà còn giúp cho làn da luôn săn chắc bộ da luôn bóng mượt đồng thời hạn chế tối đa tình trạng dị ứng thức ăn</p><p>Bổ sung các loại Vitamin giúp tăng cường hệ miễn dịch cho chó luôn khỏe mạnh</p><p>Tối đa hóa khả năng tiêu hóa, hấp thụ cho ngăn ngừa tình trạng lão hóa khác nhau ở chó</p><p>Hương vị thơm ngon, kích thích vị giác chó cưng ăn ngon miệng hơn</p><h3><strong>Bảo quản và lưu ý khi sử dụng sản phẩm&nbsp;</strong></h3><p>Bảo quản sản phẩm ở những nơi khô ráo, thoáng mát tránh tiếp xúc trực tiếp với ánh nắng hoặc ở những nơi có nhiệt độ cao</p><p>Đậy gói bao bì kỹ sau mỗi lần cho chó sử dụng</p><p>Ngưng cho chó ăn khi chó xuất hiện triệu chứng bất thường</p><p>Tránh xa tầm tay trẻ em</p><h3><strong>Ưu điểm khi mua hàng tại Pets Care&nbsp;</strong></h3><p>Khi mua hàng tại Pets Care bạn sẽ nhận được sản phẩm chất lượng, có nguồn gốc xuất xứ rõ ràng. Ngoài ra, bạn có thể truy cập vào petscare.com chọn mua để được giao hàng nhân chóng tận nơi.</p>', 6, 250000, 0, NULL, 'https://cdn.tgdd.vn/Products/Images/9818/283131/bhx/thuc-an-cho-cho-natural-core-eco1-vi-thit-cuu-goi-1kg-202208201359502039.jpg', 100, 0, 0, 4, 'thuc-an-cho-cho-natural-core-eco1-vi-thit-cuu-goi-1kg', 1, '2023-07-28 10:22:20', '2023-09-01 02:08:22'),
(14, 'SP_8P1LEF6', 'Thức ăn cho chó Taste of the Wild Sierra Mountain Roasted Lamb vị thịt cừu nướng túi 2kg', 'Thức ăn cho chó Taste of the Wild Sierra Mountain Roasted Lamb vị thịt cừu nướng túi 2kg sản phẩm thức ăn cho chó hương vị thơm ngon, dễ sử dụng, bổ sung dinh dưỡng dễ dàng. Thức ăn cho chó Taste of the Wild là sản phẩm có xuất xứ từ Mỹ được tin dùng là thức ăn cho chó trong các gia đình.', '<h3><strong>Đôi nét về thương hiệu</strong></h3><p>Nhắc đến các thương hiệu thức ăn cho thú cưng nổi tiếng trên thị trường hiện tại bạn không thể bỏ qua Taste Of Wild thương hiệu nổi bật với các sản phẩm thức ăn cho chó có nguồn gốc từ Mỹ, không chỉ nổi tiếng số 1 tại quốc gia này mà còn thành công ở thị trường quốc tế, xuất phát từ tình yêu cún và mong muốn đem đến các sản phẩm chất lượng nhất cho thú cưng với nhiều năm kinh nghiệm hãng cũng đã khẳng định thương hiệu, được nhiều khách hàng chọn lựa, tin dùng.<br><img src=\"https://cdn.tgdd.vn/Products/Images/9818/283129/bhx/thuc-an-cho-cho-taste-of-wild-sierra-mountain-roasted-lamb-vi-thit-cuu-nuong-tui-2kg-202206211031437712.jpg\" alt=\"Thức ăn cho chó Taste of the Wild Sierra Mountain Roasted Lamb vị thịt cừu nướng túi 2kg 0\"></p><h3><strong>Thành phần dinh dưỡng trong sản phẩm</strong></h3><p>Thức ăn cho chó Taste Of Wild Sierra Mountain Roasted Lamb vị thịt cừu nướng túi 2kg được làm từ các nguyên liệu: Thịt cừu (17%), bột thịt cừu (17%), khoai lang, sản phẩm trứng, đậu lăng, đậu Hà Lan, bột đậu xanh, dầu hạt cải, khoai tây, men khô, thịt cừu nướng (3%),... Đảm bảo cung cấp được các giá trị dinh dưỡng: Độ ẩm max 10%, protein thô min 25%, béo thô min 15%, xơ thô max 5%, khoáng tổng số max 8.6%, omega 6 min 2.4%, omega 3 min 0.3%, DHA min 0.05%. Phù hợp cho sức khở và sự phát triển của cún cưng.</p><h3><strong>Tác dụng của sản phẩm với sức khỏe</strong></h3><p>Thức ăn cho chó Taste Of Wild Sierra Mountain Roasted Lamb vị thịt cừu nướng túi 2kg sản phẩm thức ăn cho chó dạng hạt khô tiện dụng, có ngay bữa ăn nhanh chóng nhưng vẫn đảm bảo có độ dinh dưỡng cao, phù hợp cho giống chó cũng như giai đoạn phát triển của chúng. Vị thịt cừu và các thành phần hữu cơ giúp kích thích vị giác tốt, bên cạnh đó còn bổ sung các chất dinh dưỡng tốt giúp cún cưng phát triển tốt.<br><img src=\"https://cdn.tgdd.vn/Products/Images/9818/283129/bhx/thuc-an-cho-cho-taste-of-wild-sierra-mountain-roasted-lamb-vi-thit-cuu-nuong-tui-2kg-202206211031447853.jpg\" alt=\"Thức ăn cho chó Taste of the Wild Sierra Mountain Roasted Lamb vị thịt cừu nướng túi 2kg 1\"></p><h3><strong>Lưu ý khi sử dụng và cách bảo quản sản phẩm</strong></h3><ul><li><strong>Lưu ý:</strong> Sản phẩm thức ăn dành cho chó, nên xem kỹ HDSD, thành phần để có lượng ăn phù hợp cho thú cưng trên bao bì. Không dùng sản phẩm đã hết hạn, không rõ nguồn gốc hay có bất kỳ dấu hiệu bất thường nào.</li><li><strong>Cách bảo quản:</strong> Dùng ngay khi mở bao bì, dùng trong 1 lần, để nơi khô ráo thoáng mát, tránh nước. Tránh nơi có nhiệt độ cao hay ánh nắng trực tiếp, tránh vật sắc nhọn, đè nén có thể gây rách, biến dạng sản phẩm.</li></ul><p><img src=\"https://cdn.tgdd.vn/Products/Images/9818/283129/bhx/thuc-an-cho-cho-taste-of-wild-sierra-mountain-roasted-lamb-vi-thit-cuu-nuong-tui-2kg-202206211031454601.jpg\" alt=\"Thức ăn cho chó Taste of the Wild Sierra Mountain Roasted Lamb vị thịt cừu nướng túi 2kg 2\"></p><p>&nbsp;</p><h3><strong>Ưu điểm khi mua sản phẩm tại Pets Care&nbsp;</strong></h3><ul><li>Thức ăn cho chó Taste Of Wild Sierra Mountain Roasted Lamb vị thịt cừu nướng túi 2kg đang được kinh doanh tại Pets Care với mức giá rất tốt, đa dạng các loại sản phẩm tha hồ cho bạn chọn lựa.</li><li>Dịch vụ tận tâm, ưu đãi hấp dẫn, giao hàng nhanh chóng tận nơi khi mua online tại Pets Care .</li></ul>', 2, 515000, 0, NULL, 'https://cdn.tgdd.vn/Products/Images/9818/283129/bhx/sellingpoint.jpg', 60, 0, 0, 5, 'thuc-an-cho-cho-taste-of-the-wild-sierra-mountain-roasted-lamb-vi-thit-cuu-nuong-tui-2kg', 1, '2023-07-28 10:23:33', '2023-08-05 12:48:54'),
(15, 'SP_O6UWNOI', 'Thức ăn cho chó lớn Ganador vị thịt bò túi 2kg', 'Được sản xuất trên dây chuyền hiện đại nên thức ăn cho chó này an toàn, hợp vệ sinh. Thức ăn cho chó lớn Ganador vị thịt bò túi 2kg giúp bé cún phát triển một cách toàn diện, tăng hệ miễn dịch. Thức ăn cho chó Ganador là sự lựa chọn hàng đầu của những người nuôi thú cưng.', '<p>Ganador là thương hiệu rất nổi tiếng với các khách hàng yêu thích và chăm sóc thú cưng. Được sản xuất tại Thái Lan và nhập khẩu vào Việt Nam. Ganador được sản xuất với công nghệ hiện đại và quá trình nghiên cứu kỹ lưỡng, cho đa dạng các loại thức ăn mà điển hình là dạng hạt khô, phù hợp cho nhiều giống chó cũng như từng giai đoạn phát triển của chúng.<br><img src=\"https://cdn.tgdd.vn/Products/Images/9818/274144/bhx/thuc-an-cho-cho-lon-classic-vi-thit-bo-tui-2kg-202206080957256756.jpg\" alt=\"Thức ăn cho chó lớn Classic vị thịt bò túi 2kg 0\"></p><h3><strong>Thành phần dinh dưỡng trong sản phẩm</strong></h3><p>Thức ăn cho chó lớn Ganador vị thịt bò túi 2kg được làm từ các thành phần tự nhiên: Bắp, bột gia cầm, bột đậu nành, bột sắn, cám gạo, mỡ gia cầm, khoáng chất, vitamin, chất gia vị, chất chống oxy hoá,... phù hợp cho thú cưng. Bên cạnh đó các sản phẩm đảm bảo cung cấp đủ các chất dinh dưỡng thiết yếu: Độ ẩm 10%, đạm 19%, xơ 4%, tro 10%, chất béo 8%,... nuôi dưỡng và kích thích sự phát triển cho cún yêu.</p><h3><strong>Tác dụng của sản phẩm với sức khỏe</strong></h3><p>Thức ăn cho chó lớn Ganador vị thịt bò túi 2kg là loại thức ăn hạt khô đóng gói tiện dụng, cho cún yêu có ngay bữa ăn nhanh, tiện lợi, nhưng vẫn phù hợp, dinh dưỡng, tăng cường miễn dịch cũng như kích thích sự phát triển của thú cưng. Cho chúng có năng lượng hoạt động cả ngày.<br><img src=\"https://cdn.tgdd.vn/Products/Images/9818/274144/bhx/thuc-an-cho-cho-lon-classic-vi-thit-bo-tui-2kg-202206080957311934.jpg\" alt=\"Thức ăn cho chó lớn Classic vị thịt bò túi 2kg 1\"></p><h3><strong>Lưu ý khi sử dụng và cách bảo quản sản phẩm</strong></h3><ul><li><strong>Lưu ý:</strong> Sản phẩm dành cho chó, xem kỹ HDSD trước khi cho thú cưng dùng. Không sử dụng sản phẩm hết hạn hay có dấu hiệu lạ, không xịt trực tiếp vào mắt.</li><li><strong>Cách bảo quản:</strong> Nơi khô ráo, thoáng mát, tránh ánh sáng trực tiếp, đậy kín miệng túi ngay sau khi dùng sản phẩm. Tránh nơi ẩm mốc nhiều côn trùng quấy phá. Tránh lửa và các chất gây cháy nổ.</li></ul><p>&nbsp;</p><h3><strong>Ưu điểm khi mua sản phẩm tại PETS CARE</strong></h3><ul><li>Thức ăn cho chó lớn Ganador vị thịt bò túi 2kg đang được kinh doanh tại Pets care với mức giá rất tốt, đa dạng các loại sản phẩm tha hồ cho bạn chọn lựa.</li><li>Dịch vụ tận tâm, ưu đãi hấp dẫn, giao hàng nhanh chóng tận nơi khi mua online tại Pets care.</li></ul>', 9, 117000, 0, NULL, 'https://cdn.tgdd.vn/Products/Images/9818/274144/bhx/thuc-an-cho-cho-lon-classic-vi-thit-bo-tui-2kg-202206080957242489.jpg', 40, 0, 0, 2, 'thuc-an-cho-cho-lon-ganador-vi-thit-bo-tui-2kg', 1, '2023-07-28 10:23:46', '2023-09-01 02:08:22');
INSERT INTO `products` (`id`, `sku`, `name`, `description_summary`, `description_detail`, `category_id`, `price`, `discount_price`, `discount_end`, `image_main`, `quantity`, `rating_count`, `average_rating`, `brand_id`, `slug`, `status`, `created_at`, `updated_at`) VALUES
(16, 'SP_SQQOXED', 'Thức ăn cho chó con Taste of the Wild Pacific Stream Puppy vị cá hồi xông khói gói 2kg', 'Thức ăn cho chó Taste of the Wild vị cá hồi xông khói 2kg mang đến cho thú cưng thức ăn siêu ngon với vị cá hồi xông khói, đầy đủ chất dinh dưỡng. Đây là sản phẩm thức ăn cho chó cao cấp của thương hiệu thức ăn cho chó Taste of the Wild của Mỹ.', '<p>Taste of the Wild là thương hiệu chuyên cung cấp các sản phẩm chăm sóc sức khoẻ thú cưng nổi tiếng được nhiều ngừời lựa chọn cho cho hành trình chăm sóc thú cưng của mình. Đây là thương hiệu có nguồn gốc xuất xứ tại Mỹ&nbsp;được sản xuất Công ty Diamond Pet Foods, được thành lập vào năm 1970. Đây là một trong những công ty nổi tiếng của Hoa Kỳ về các sản phẩm thức ăn dành cho thú cưng.</p><h3><strong>Thành phần có trong sản phẩm&nbsp;</strong></h3><p><img src=\"https://cdn.tgdd.vn/Products/Images/9818/283124/bhx/thuc-an-cho-cho-con-taste-of-wild-pacific-stream-puppy-vi-ca-hoi-xong-khoi-goi-2kg-202206221419132507.jpg\" alt=\"Thức ăn cho chó con Taste of the Wild Pacific Stream Puppy vị cá hồi xông khói gói 2kg 0\"></p><p>Thức ăn cho chó con Taste of the Wild cá hồi xông khói có chứa các thành phần như sau:&nbsp;Cá hồi, bột cá biển, khoai lang, khoai tây, đậu hà lan, protein đậu, dầu hạt cải, bã ép cà chua, cá hồi xông khói, bột cá hồi, dầu cá hồi, khoáng chất, rễ rau diếp xoăn khô, cà chua, quả việt quất, quả mâm xôi,.. hầu hết các thành phần này đều an toàn cho chó</p><h3><strong>Tác dụng của sản phẩm đối với sức khoẻ thú cưng.&nbsp;</strong></h3><p><img src=\"https://cdn.tgdd.vn/Products/Images/9818/283124/bhx/thuc-an-cho-cho-con-taste-of-wild-pacific-stream-puppy-vi-ca-hoi-xong-khoi-goi-2kg-202206221419152304.jpg\" alt=\"Thức ăn cho chó con Taste of the Wild Pacific Stream Puppy vị cá hồi xông khói gói 2kg 1\"></p><p>Thức ăn cho chó con Taste of the Wild cá hồi xông khói là sản phẩm có những công dụng tuyệt vời đối với sức khoẻ như sau:</p><p>Cá hồi giúp cung cấp Protein dồi dào và các dưỡng chất cần thiết giúp chó luôn phát triển</p><p>Ổn định hệ tiêu hoá cho chó</p><p>Giúp phát triển trí não cho cún</p><p>Hương vị thơm ngon kích thích vị giác giúp chó ăn ngon miệng hơn</p><h3><strong>Bảo quản và lưu ý khi sử dụng sản phẩm&nbsp;</strong></h3><p>Bảo quản sản phẩm ở những nơi khô khô ráo, thoáng mát tránh tiếp xúc trực tiếp với ánh nắng hoặc ở những nơi có nhiệt độ cao</p><p>Đậy gói bao bì cũ sau mỗi lần cho chó sử dụng còn dư</p><p>Tránh xa tầm tay trẻ em</p><p>Ngưng sử dụng khi chó xuất hiện triệu chứng bất thường</p><h3><strong>Ưu điểm khi mua hàng tại PETS CARE</strong></h3><p>Khi mua hàng tại Pets care bạn sẽ nhận được sản phẩm chất lượng, có nguồn gốc xuất xứ rõ ràng và giá cả hợp lý. Ngoài ra, bạn có thể truy cập vào petscare.com chọn mua để được giao hàng tận nơi với đội ngũ nhân viên nhiệt tình, chu đáo.</p>', 3, 515000, 0, NULL, 'https://cdn.tgdd.vn/Products/Images/9818/283124/bhx/thuc-an-cho-cho-con-taste-of-wild-pacific-stream-puppy-vi-ca-hoi-xong-khoi-goi-2kg-202206221419132507.jpg', 69, 0, 0, 5, 'thuc-an-cho-cho-con-taste-of-the-wild-pacific-stream-puppy-vi-ca-hoi-xong-khoi-goi-2kg', 1, '2023-07-28 10:26:05', '2023-09-01 02:08:22'),
(17, 'SP_X9Q4ZLE', 'Thức ăn cho chó con Taste of the Wild Pacific Stream Puppy vị cá hồi xông khói túi 500g', 'Thức ăn cho chó con Taste of the Wild Pacific Stream Puppy vị cá hồi xông khói túi 500g mang đến cho thú cưng thức ăn siêu ngon với vị cá hồi xông khói, đầy đủ chất dinh dưỡng. Đây là sản phẩm thức ăn cho chó cao cấp của thương hiệu thức ăn cho chó Taste of the Wild của Mỹ.', '<h3><strong>Đôi nét về thương hiệu</strong></h3><p>Nhắc đến các sản phẩm thức ăn cho chó chất lượng trên thị trường hiện tại, bạn không bỏ qua thương hiệu đình đám có nguồn gốc từ Mỹ là Taste Of Wild, hãng nổi tiếng với đa dạng các sản phẩm thức ăn cho chó có độ dinh dưỡng rất cao và mức giá hợp lý.<br>Qua nhiều năm phát triển Taste Of Wild cũng đã khẳng định được vị trí thương hiệu của mình khi ngày càng cho ra mắt đa dạng sản phẩm chất lượng. Với định hướng đúng đắn từ tình yêu cún, áp dụng quy trình sản xuất hiện đại, công nghệ cao đạt các tiêu chuẩn nghiêm ngặt, các sản phẩm của hãng nhanh chóng thành công, có mặt ở nhiều quốc gia trên thế giới trong đó có cả Việt Nam.<br><img src=\"https://cdn.tgdd.vn/Products/Images/9818/283454/bhx/thuc-an-cho-cho-con-taste-of-wild-pacific-stream-puppy-vi-ca-hoi-xong-khoi-tui-500g-202207051047276215.jpg\" alt=\"Thức ăn cho chó con Taste of the Wild Pacific Stream Puppy vị cá hồi xông khói túi 500g 0\"></p><h3><strong>Thành phần dinh dưỡng trong sản phẩm</strong></h3><p>Thức ăn cho chó con Taste Of Wild Pacific Stream Puppy vị cá hồi xông khói túi 500g làm từ các nguyên liệu tự nhiên: Cá hồi, bột cá biển, khoai lang, khoai tây, đậu hà lan, protein đậu, dầu hạt cải, bã ép cà chua, cá hồi xông khói, bột cá hồi, dầu cá hồi,... Đảm bảo chứa đựng các giá trị dinh dưỡng: Độ ẩm, protein, chất béo, chất xơ thô, khoáng chất, omega,... phù hợp cho sức khỏe cũng như chế độ dinh dưỡng ở cún cưng.</p><h3><strong>Tác dụng của sản phẩm với sức khỏe</strong></h3><p>Thức ăn cho chó con Taste Of Wild Pacific Stream Puppy vị cá hồi xông khói túi 500g, làm từ các nguyên liệu hữu cơ chứa hương vị cá hồi xông khói kích thích vị giác tốt, chống biếng ăn ở cún cưng. Hạt khô được làm mềm vừa phải, nhẹ nhàng cho đường ruột cũng như tốt tiêu hóa. Bên cạnh đó sản phẩm cung cấp năng lượng và giàu protein, omega, hỗ trợ phát triển tốt, bảo vệ lông da.<br><img src=\"https://cdn.tgdd.vn/Products/Images/9818/283454/bhx/thuc-an-cho-cho-con-taste-of-wild-pacific-stream-puppy-vi-ca-hoi-xong-khoi-tui-500g-202207051047300334.jpg\" alt=\"Thức ăn cho chó con Taste of the Wild Pacific Stream Puppy vị cá hồi xông khói túi 500g 1\"></p><h3><strong>Lưu ý khi sử dụng và cách bảo quản sản phẩm</strong></h3><ul><li><strong>Lưu ý:</strong> Sản phẩm thức ăn dành cho chó, nên xem kỹ HDSD, thành phần để có lượng ăn phù hợp cho từng thú cưng lở các giai đoạn khác nhau trên bao bì. Không dùng sản phẩm đã hết hạn, không rõ nguồn gốc hay có bất kỳ dấu hiệu bất thường nào.</li><li><strong>Cách bảo quản:</strong> Dùng ngay khi mở bao bì, cho lượng vừa đủ dùng trong 1 lần, để nơi khô ráo thoáng mát, tránh nước. Tránh nơi có nhiệt độ cao hay ánh nắng trực tiếp, tránh vật sắc nhọn, đè nén có thể gây rách, biến dạng sản phẩm.</li></ul><p><img src=\"https://cdn.tgdd.vn/Products/Images/9818/283454/bhx/thuc-an-cho-cho-con-taste-of-wild-pacific-stream-puppy-vi-ca-hoi-xong-khoi-tui-500g-202207051047307099.jpg\" alt=\"Thức ăn cho chó con Taste of the Wild Pacific Stream Puppy vị cá hồi xông khói túi 500g 2\"></p><p>&nbsp;</p><h3><strong>Ưu điểm khi mua sản phẩm tại Pets Care</strong></h3><ul><li>Thức ăn cho chó con Taste Of Wild Pacific Stream Puppy vị cá hồi xông khói túi 500g đang được kinh doanh tại Pets Care với mức giá rất tốt, đa dạng các loại sản phẩm tha hồ cho bạn chọn lựa.</li><li>Dịch vụ tận tâm, ưu đãi hấp dẫn, giao hàng nhanh chóng tận nơi khi mua online tại Pets Care.</li></ul>', 3, 138000, 0, NULL, 'https://cdn.tgdd.vn/Products/Images/9818/283454/bhx/thuc-an-cho-cho-con-taste-of-wild-pacific-stream-puppy-vi-ca-hoi-xong-khoi-tui-500g-202207051047276215.jpg', 29, 0, 0, 5, 'thuc-an-cho-cho-con-taste-of-the-wild-pacific-stream-puppy-vi-ca-hoi-xong-khoi-tui-500g', 1, '2023-07-28 10:27:31', '2023-08-27 00:16:55'),
(18, 'SP_SAVFAGD', 'Thức ăn vặt cho chó Pedigree vị gan nướng túi 80g', 'Vừa ngon lại vừa cung cấp một số dưỡng chất cho quá trình phát triển của các chú cún. Thức ăn vặt cho chó Pedigree vị gan nướng túi 80g có Vitamin và khoáng chất còn giúp tăng cường hệ miễn dịch, tăng cường thị giác, giúp hệ tiêu hóa khỏe mạnh.', '<p>Pedigree là thương hiệu chuyên cung cấp các sản phẩm chăm sóc thú cưng với hàm lượng dinh dưỡng cao giúp chăm sóc thú cưng một cách toàn diện. Đây là thương hiệu phổ biến trên toàn Thế Giới với quy mô lớn các dòng sản phẩm cho chó mang tên&nbsp;“Chappie”.&nbsp;Đến năm 1975, Pedigree trở thành một bộ phận trong chuỗi PetCare nổi tiếng hàng đầu&nbsp;thuộc tập đoàn Mars, Mỹ.</p><h3><strong>Thành phần có trong sản phẩm&nbsp;</strong></h3><p><img src=\"https://cdn.tgdd.vn/Products/Images/9818/238716/bhx/thuc-an-vat-cho-cho-pedigree-vi-gan-nuong-tui-80g-202105111909055668.jpg\" alt=\"Thức ăn vặt cho chó Pedigree vị gan nướng túi 80g 0\"></p><p>Ăn vặt cho chó Pedigree vị gan có chứa các thành phần như sau: Bột sắn, lúa mì, gluten lúa mì, gluten ngô, glycerine, bột gan gia cầm, chất bảo quản kali sorbat, chất tạo hương gan nướng, chất tạo màu,.. các thành phần này đều an toàn cho thú cưng</p><h3><strong>Tác dụng của sản phẩm đối với sức khỏe chó&nbsp;</strong></h3><p><img src=\"https://cdn.tgdd.vn/Products/Images/9818/238716/bhx/thuc-an-vat-cho-cho-pedigree-vi-gan-nuong-tui-80g-202105111909067406.jpg\" alt=\"Thức ăn vặt cho chó Pedigree vị gan nướng túi 80g 1\"></p><p>Ăn vặt cho chó Pedigree vị gan tác dụng đối với sức khỏe chó như sauu</p><p>Ngoài những loại thức ăn cho chó thông thường thì hàng ngày chúng ta cũng có thể cho các chú cún yêu ăn các món ăn vặt, vừa ngon lại vừa cung cấp một số dưỡng chất cho quá trình phát triển của các chú cún.</p><p>Khoáng chất hình thành xương và sụn (như Ca và P) có trong <a href=\"https://www.bachhoaxanh.com/thuc-an-cho-meo-pedigree\">thức ăn vặt cho chó Pedigree</a>, tạo ra các phản ứng Enzyme giúp tiêu hóa tốt, duy trì và cân bằng chất lỏng, ổn định sự co thắt của cơ bắp và chức năng thần kinh, giúp cho răng và xương cứng cáp, khỏe mạnh.</p><p><a href=\"https://www.bachhoaxanh.com/thuc-an-cho-meo\">Thức ăn vặt cho chó</a> Pedigree còn có Vitamin và khoáng chất còn giúp tăng cường hệ miễn dịch, tăng cường thị giác, giúp hệ tiêu hóa khỏe mạnh và hấp thụ tốt chất dinh dưỡng Vitamin và khoáng chất</p><h3><strong>Bảo quản và lưu ý khi sử dụng sản phẩm</strong></h3><p>Bảo quản sản phẩm ở những nơi khô ráo, thoáng mát tránh tiếp xúc trực tiếp với ánh nắng hoặc ở những nơi có nhiệt độ cao</p><p>Đậy nắp kỹ sau mỗi lần cho chó sử dụng</p><p>Ngưng cho chó sử dụng nếu chó xuất hiện triệu chứng bất thường</p><p>Nên đọc kỹ hướng dẫn sử dụng trước khi cho chó sử dụng</p><p>Tránh xa tầm tay trẻ em</p><h3><strong>Ưu điểm khi mua hàng tại PETS CARE</strong></h3><p>Khi mua hàng tại Pets care bạn sẽ nhận được sản phẩm chất lượng, có nguồn gốc xuất xứ rõ ràng. Ngoài ra, bạn có thể truy cập vào petscare.com chọn mua để được giao hàng tận nơi với đội ngũ nhân viên nhiệt tình, chu đáo.</p>', 2, 36000, 0, NULL, 'https://cdn.tgdd.vn/Products/Images/9818/238716/bhx/thuc-an-vat-cho-cho-pedigree-vi-gan-nuong-tui-80g-202105111909055668.jpg', 40, 0, 0, 1, 'thuc-an-vat-cho-cho-pedigree-vi-gan-nuong-tui-80g', 1, '2023-07-28 10:28:11', '2023-09-01 02:08:22'),
(19, 'SP_1F1FTOI', 'Thức ăn vặt cho chó Pedigree vị thịt bò xông khói túi 80g', 'Vừa ngon lại vừa cung cấp một số dưỡng chất cho quá trình phát triển của các chú cún. Thức ăn vặt cho chó Pedigree vị thịt bò xông khói túi 80g có Vitamin và khoáng chất còn giúp tăng cường hệ miễn dịch, tăng cường thị giác, giúp hệ tiêu hóa khỏe mạnh.', '<p>Pedigree là thương hiệu chuyên sản xuất các sản phẩm chăm sóc thú cưng với hàm lượng dinh dưỡng cao, tốt cho sức khỏe. Đây là một trong những thương hiệu phổ biến trên toàn Thế Giới&nbsp; được thành lập vào năm 1972 với quy mô lớn tiền thân là các dòng sản phẩm chó mang tên&nbsp;“Chappie”. Đến năm 1975, Pedigree trở thành một bộ phận trong chuỗi PetCare nổi tiếng hàng đầu&nbsp;thuộc tập đoàn Mars, Mỹ.</p><h3><strong>Thành phần có trong sản phẩm</strong></h3><p><img src=\"https://cdn.tgdd.vn/Products/Images/9818/238715/bhx/thuc-an-vat-cho-cho-pedigree-vi-thit-bo-xong-khoi-tui-80g-202105111910271733.jpg\" alt=\"Thức ăn vặt cho chó Pedigree vị thịt bò xông khói túi 80g 0\"></p><p>Ăn vặt cho chó Pedigree vị bò có chứa các thành phần như sau:&nbsp;Bột sắn, lúa mì, gluten lúa mì, gluten ngô, glycerine, bột gan gia cầm, chất bảo quản kali sorbat, chất tạo hương bò xông khói, chất tạo màu,.. hầu hết các thành phần này đều chất lượng chó khi sử dụng.</p><h3><strong>Tác dụng của ăn vặt cho chó Pedigree vị bò</strong></h3><p><img src=\"https://cdn.tgdd.vn/Products/Images/9818/238715/bhx/thuc-an-vat-cho-cho-pedigree-vi-thit-bo-xong-khoi-tui-80g-202105111910283081.jpg\" alt=\"Thức ăn vặt cho chó Pedigree vị thịt bò xông khói túi 80g 1\"></p><p><a href=\"https://www.bachhoaxanh.com/thuc-an-cho-meo/thuc-an-vat-cho-cho-pedigree-vi-thit-bo-xong-khoi-tui-80g\">Thức ăn vặt chó Pedigree vị bò xông khói 80g</a> là một sản phẩm mà bạn có thể dễ dàng tìm mua ở bất kỳ cửa hàng bán đồ cho thú cưng nào. Với hương vị thịt xông khói thơm ngon và hấp dẫn, các chú chú sẽ thích mê. Ngoài ra, sản phẩm còn chứa một lượng lớn tinh bột, bổ sung năng lượng để các chú cún hoạt động khoẻ khoắn.</p><p>Với nguồn nguyên liệu tự nhiên không hóa chất nên bạn có thể yên tâm khi cho cún con của bạn sử dụng.</p><p>Ngoài ra, khoáng chất hình thành xương và sụn (như Ca và P) có trong <a href=\"https://www.bachhoaxanh.com/thuc-an-cho-meo-pedigree\">thức ăn vặt cho chó Pedigree</a>, tạo ra các phản ứng Enzyme giúp tiêu hóa tốt, duy trì và cân bằng chất lỏng, ổn định sự co thắt của cơ bắp và chức năng thần kinh, giúp cho răng và xương cứng cáp, khỏe mạnh.</p><p><a href=\"https://www.bachhoaxanh.com/thuc-an-cho-meo\">Thức ăn vặt cho chó</a> Pedigree còn có Vitamin và khoáng chất còn giúp tăng cường hệ miễn dịch, tăng cường thị giác, giúp hệ tiêu hóa khỏe mạnh và hấp thụ tốt chất dinh dưỡng Vitamin và khoáng chất.</p><h3><strong>Bảo quản và lưu ý khi sử dụng sản phẩm</strong></h3><p>Bảo quản sản phẩm ở những nơi khô ráo, thoáng mát tránh tiếp xúc trực tiếp với ánh nắng hoặc ở những nơi có nhiệt độ cao</p><p>Đậy nắp kỹ sau mỗi lần cho chó sử dụng</p><p>Ngưng sử dụng và thăm khám bác sĩ thú y nếu cho xuất hiện triệu chứng bất thường</p><p>Tránh xa tầm tay trẻ em</p><h3><strong>Ưu điểm khi mua hàng tại PETS CARE</strong></h3><p>Khi mua hàng tại Pets care bạn sẽ nhận được sản phẩm chất lượng, có nguồn gốc xuất xứ rõ ràng. Ngoài ra, bạn có thể truy cập vào petscare.com chọn mua để được giao hàng tận nơi với đội ngũ nhân viên nhiệt tình, chu đáo.</p><p><br>&nbsp;</p>', 2, 36000, 0, NULL, 'https://cdn.tgdd.vn/Products/Images/9818/238715/bhx/thuc-an-vat-cho-cho-pedigree-vi-thit-bo-xong-khoi-tui-80g-202105111910271733.jpg', 30, 0, 0, 1, 'thuc-an-vat-cho-cho-pedigree-vi-thit-bo-xong-khoi-tui-80g', 1, '2023-07-28 10:30:35', '2023-09-01 02:08:22'),
(20, 'SP_E8VQYQN', 'Thức ăn cho chó lớn Pedigree hương bò và rau củ túi 500g', 'Giúp bổ sung khoáng chất và vitamin, ngoài ra còn có chất sắt và kẽm đã được chứng mình là sẽ làm bộ lông của cún cưng được mềm mượt hơn. Thức ăn cho chó lớn Pedigree hương bò và rau củ túi 500g có dạng hạt tiện lợi, cho cún ăn nhanh chóng.', '<h3><strong>Đôi nét về thương hiệu&nbsp;</strong></h3><p>Pedigree&nbsp;là thương hiệu chuyên cung cấp các sản phầm dành cho thú cưng có hàm lượng dinh dưỡng cao tốt cho sức khỏe của thú cưng. Đây là thương hiệu phổ biến về thức ăn cho chó trên toàn Thế Giới. Năm 1972, Pedigree chính thức được ra mắt là một công ty sản xuất thức ăn đóng gói quy mô lớn với tiền thân là dòng sản phẩm cho chó mang tên “Chappie” thành lập từ những năm 1950. Đến năm 1975, Pedigree trở thành một bộ phận trong chuỗi PetCare nổi tiếng hàng đầu&nbsp;thuộc tập đoàn Mars, Mỹ.</p><h3><strong>Thành phần có trong đồ ăn chó lớn Pedigree bò&nbsp;</strong></h3><p><img src=\"https://cdn.tgdd.vn/Products/Images/9818/238691/bhx/thuc-an-cho-cho-lon-pedigree-vi-bo-va-rau-cu-tui-500g-202105111914598703.jpg\" alt=\"Thức ăn cho chó lớn Pedigree hương bò và rau củ túi 500g 0\"></p><p>Đồ ăn chó lớn Pedigree bò 500g có chứa các thành phần như sau:&nbsp;Bắp, lúa mì, bột lông vũ đã thuỷ phân, đậu tương nguyên dầu, hương bò, dầu cọ, khoáng chất, thịt gà cầm và phụ phẩm gia cầm, khô dầu đậu tương, dầu đậu tương, vitamins,...tốt cho sức khỏe chó nhà bạn.</p><h3><strong>Tác dụng của đồ ăn chó lớn Pedigree bò đối với sức khỏe&nbsp;</strong></h3><p><a href=\"https://www.bachhoaxanh.com/thuc-an-cho-meo/thuc-an-cho-cho-lon-pedigree-vi-bo-va-rau-cu-tui-500g\">Thức ăn cho chó lớn Pedigree hương bò và rau củ túi&nbsp;500g</a>&nbsp;đang là một sản phẩm được nhiều người tin tưởng sử dụng cho các chú cún yêu của mình. Protein là một dưỡng chất rất cần thiết đối với một chú cún, để có thể khoẻ mạnh và phát triển toàn diện thì các chú cún phải được bổ sung lượng protein đầy đủ và sản phẩm này đã bổ sung lượng protein đầy đủ.</p><p><a href=\"https://www.bachhoaxanh.com/thuc-an-cho-meo-pedigree\">Thức ăn cho chó Pedigree</a> vị bò và rau củ túi 500g giúp bổ sung rất nhiều khoáng chất và vitamin, ngoài ra còn có chất sắt và kẽm đã được chứng mình là sẽ làm bộ lông của cún cưng được mềm mượt hơn chỉ trong vòng 6 tuần.</p><p>Thức ăn cho chó Pedigree chứa một lượng canxi và phốt pho, những dưỡng chất này sẽ giúp cho răng và xương cún được chắc khỏe.</p><p><a href=\"https://www.bachhoaxanh.com/thuc-an-cho-meo\">Thức ăn cho cún</a> dạng hạt rất tiện lợi, bỏi người nuôi có thể nắm được thông tin và điều chỉnh lượng ăn phù hợp nhất. Sản phẩm còn giúp bạn tiết kiệm thời gian, nhanh chóng hơn mà không cần chuẩn bị.</p><h3><strong>Lưu ý khi và bảo quản khi sử dụng sản phẩm</strong></h3><p><img src=\"https://cdn.tgdd.vn/Products/Images/9818/238691/bhx/thuc-an-cho-cho-lon-pedigree-vi-bo-va-rau-cu-tui-500g-202105111915016975.jpg\" alt=\"Thức ăn cho chó lớn Pedigree hương bò và rau củ túi 500g 1\"></p><p>Bảo quản sản phẩm ở những nơi khô ráo, thoáng mát tránh tiếp xúc trực tiếp với ánh nắng hoặc ở những nơi có nhiệt độ cao</p><p>Đậy nắp kỹ sau mỗi lần cho chó sử dụng</p><p>Không cho chó sử dụng khi sản phẩm đã hết hạn</p><p>Tránh xa tầm tay trẻ em</p><h3><strong>Ưu điểm khi mua hàng tại Pets Care</strong></h3><p>Khi mua hàng tại Pets Care bạn sẽ nhận được sản phẩm chất lượng, có nguồn gốc xuất xứ rõ ràng giá cả lại vô cùng hợp lý. Ngoài ra, bạn có thể truy cập vào PetsCare.com chọn mua để được giao hàng tận nơi với đội ngũ nhân viên nhiệt tình, chu đáo</p>', 10, 42000, 0, NULL, 'https://cdn.tgdd.vn/Products/Images/9818/238691/bhx/thuc-an-cho-cho-lon-pedigree-huong-bo-va-rau-cu-tui-500g-202305151339297823.jpg', 40, 0, 0, 1, 'thuc-an-cho-cho-lon-pedigree-huong-bo-va-rau-cu-tui-500g', 1, '2023-07-28 10:30:42', '2023-09-09 12:35:24'),
(21, 'SP_AGNUWG5', 'Thức ăn cho chó con Pedigree hương gà, trứng và sữa túi 1.3kg', 'Thức ăn chó con Pedigree hương gà, trứng và sữa túi 1.3kg là sản phẩm thức ăn hạt dành cho chó con. Thức ăn cho chó Pedigree giúp cún cưng phát triển khỏe mạnh, chứa zinc, các loại vitamin cùng DHA và choline nuôi dưỡng hệ thần kinh của chó con.', '<p>Thức ăn cho chó con Pedigree hương gà, trứng và sữa là sản phẩm thức ăn thú cưng sản xuất dành riêng cho cún con.</p><p>Thương hiệu Pedigree được thành lập vào năm 1972, sau đó chính thức thuộc sở hữu của tập đoàn Mars vào năm 1975. Pedigree trở nên nổi tiếng trên nhiều quốc gia trên thế giới với những sản phẩm thức ăn hạt khô, thức ăn ướt và chăm sóc răng miệng cho thú cưng.</p><h3>Thành phần dinh dưỡng trong thức ăn cho chó con Pedigree hương gà, trứng và sữa túi 1.3kg</h3><p>Sản phẩm thuộc dòng thức ăn khô có dạng hạt, có hương thịt gà, sữa và trứng. Thức ăn chó con Pedigree chứa nhiều những thành phần dinh dưỡng: Muối i ốt, canxi, kali, phốt pho, kẽm, sắt, mangan, đồng, selen, và các loại vitamin A, D3, choline, vitamin E, B2, B6, B1, B12, biotin, dầu cá, chất xơ, chất chống oxy hóa,...<img src=\"https://cdn.tgdd.vn/Products/Images/9818/238336/bhx/thuc-an-cho-cho-con-pedigree-huong-ga-trung-va-sua-tui-13kg-202212151546389478.jpg\" alt=\"Thức ăn cho chó con Pedigree hương gà, trứng và sữa túi 1.3kg 0\"></p><h3>Tác dụng của thức ăn cho chó con Pedigree hương gà, trứng và sữa với sức khỏe</h3><p>Được sản xuất dành cho cún con sau khi cai sữa mẹ, thức ăn chó con Pedigree hương gà, trứng và sữa không chỉ có hương vị thơm ngon, mà còn mang lại nhiều chất dinh dưỡng cần thiết cho sự phát triển của chó con.</p><p>Chứa kẽm và vitamin A hỗ trợ hệ miễn dịch khỏe mạnh.</p><p>Canxi và Phốt pho giúp răng và cơ xương phát triển chắc khỏe hơn.</p><p>Chất xơ giúp hệ tiêu hóa của chó con khỏe mạnh hơn.</p><p>DHA từ dầu cá và Choline nuôi dưỡng hệ thần kinh của cún cưng.</p><p>Cung cấp chất đạm giúp cơ bắp của chó con phát triển toàn diện.</p><h3>Lưu ý khi sử dụng và cách bảo quản thức ăn cho chó con Pedigree hương gà, trứng và sữa</h3><p>Bảo quản sản phẩm nơi cao ráo, thoáng mát, tránh ánh nắng mặt trời chiếu trực tiếp.</p><p>Nên cho chó cưng ăn với lượng thức ăn theo hướng dẫn trên bao bì sản phẩm.</p><p>Thức ăn chó con Pedigree hương gà, trứng và sữa dành cho cún con từ 3 - 18 tháng tuổi.<br><img src=\"https://cdn.tgdd.vn/Products/Images/9818/238336/bhx/thuc-an-cho-cho-con-pedigree-vi-ga-trung-va-sua-tui-13kg-202105110827189061.jpg\" alt=\"Thức ăn cho chó con Pedigree hương gà, trứng và sữa túi 1.3kg 1\"></p><h3>Ưu điểm khi mua thức ăn cho chó tại PETS CARE</h3><p>Dòng sản phẩm thức ăn cho thú cưng được phân phối chính hãng tại Pets care cam kết đúng nguồn gốc xuất xứ và chất lượng của sản phẩm. Khi mua hàng qua ứng dụng hoặc website của Pets care, bạn sẽ nhận được nhiều ưu đãi và khuyến mãi mỗi ngày, cùng dịch vụ giao hàng tận nhà nhanh chóng, tiện lợi.</p>', 3, 125000, 0, NULL, 'https://cdn.tgdd.vn/Products/Images/9818/238336/bhx/thuc-an-cho-cho-con-pedigree-vi-ga-trung-va-sua-tui-13kg-202105110827178144.jpg', 30, 0, 0, 1, 'thuc-an-cho-cho-con-pedigree-huong-ga-trung-va-sua-tui-13kg', 1, '2023-07-28 10:33:37', '2023-09-01 02:08:22'),
(22, 'SP_DJ19U0X', 'Thức ăn cho chó con Taste of the Wild vị bò rừng túi 2kg', 'Thức ăn cho chó con Taste of the Wild High Prairie Puppy vị bò rừng, nai nướng túi 2kg cung cấp các chất dinh dưỡng khỏe mạnh. Thức ăn cho chó Taste of the Wild là thương hiệu có xuất xứ tại Mỹ, các sản phẩm thức ăn cho chó này đã được kiểm chứng độ an toàn để bạn yên tâm sử dụng.', '<p>Taste of the Wild thương hiệu khá lâu đời đến từ Mỹ, xuất phát từ tình yêu dành cho thú cưng đặc biệt là chó mèo tại quốc gia này. Với hàng chục năm phát triển không ngừng nghỉ trong nghề, Taste of the Wild đã cho ra mắt rất nhiều các laoij thực phẩm khác nhau cho thú cưng, điển hình nhất phải kể đến các loại thức ăn hạt mềm, hạt khô chủ yếu được hãng làm từ nguyên liệu tự nhiên cùng công nghệ chế biến hiện đại nhất cũng như qua quá trình nghiên cứu kỹ lưỡng, lắng nghe ý kiến khách hàng để dần nâng cao chất lượng, đưa sản phẩm tới nhiều quốc gia trên thế giới trong đó có Việt Nam.<br><img src=\"https://cdn.tgdd.vn/Products/Images/9818/283099/bhx/thuc-an-cho-cho-con-taste-of-wild-high-prairie-puppy-vi-bo-rung-va-nai-nuong-tui-2kg-202206211032592690.jpg\" alt=\"Thức ăn cho chó con Taste of the Wild High Prairie Puppy vị bò rừng và nai nướng túi 2kg 0\"></p><h3><strong>Thành phần dinh dưỡng trong thức ăn cho chó con Taste of the Wild High Prairie Puppy vị bò rừng và nai nướng túi 2kg</strong></h3><p>Thức ăn hạt gần như là sản phẩm thiết yếu và không thể thiếu cho chế độ ăn hàng ngày của thú cưng, làm từ các thành phần: Bò (10.5%), bột thịt cừu, khoai lang, sản phẩm trứng protein đậu, đậu Hà Lan, khoai tây, mỡ gà, bã ép cà chua, thịt nai nướng (4%), thịt bò, hạt lanh, chất xơ khoai tây, bột cá biển, dầu cá hồi,...<br>Sản phẩm được chế biến hoàn toàn từ nguyên liệu cùng thành phần tự nhiên, công thức chế biến độc quyền cho sản phẩm thực sự phù hợp với giai đoạn phát triển của chó nhỏ. Cung cấp đầy đủ các chất dinh dưỡng như: Độ ẩm max 10%, protein thô min 28%, béo thô min 17%, xơ thô max 5%, khoáng tổng số max 7.9%, omega 6 min 2.8%, omega 3 min 0.3%, DHA min 0.05%.<br><img src=\"https://cdn.tgdd.vn/Products/Images/9818/283099/bhx/thuc-an-cho-cho-con-taste-of-wild-high-prairie-puppy-vi-bo-rung-va-nai-nuong-tui-2kg-202206211033000926.jpg\" alt=\"Thức ăn cho chó con Taste of the Wild High Prairie Puppy vị bò rừng và nai nướng túi 2kg 1\"></p><h3><strong>Tác dụng của thức ăn cho chó con Taste of the Wild High Prairie Puppy vị bò rừng và nai nướng túi 2kg với sức khỏe</strong></h3><p>Thức ăn hạt cho chó nhỏ sỉu giàu chất dinh dưỡng, được các chuyên gia nghiên cứu kỹ lưỡng cho ra mắt với các công dụng nổi bật như:</p><ul><li>Mang vị bò rừng và nai nướng vô cùng thơm ngon bắt vị cũng như kích thích vị giác cho cún cưng vô cùng tốt phù hợp cho sự phát triển của chó nhỏ bởi các nguyên liệu thực sự chất lượng và giàu dinh dưỡng thiết yếu cho sinh hoạt hàng ngày.</li><li>Cho ngay bữa ăn nhanh tiện lợi nhưng vẫn đảm bảo cung cấp đủ các chất dinh dưỡng cần thiết cho cún con phát triển, cũng như tốt cho hệ tiêu hóa của thú cưng.</li></ul><p><img src=\"https://cdn.tgdd.vn/Products/Images/9818/283099/bhx/thuc-an-cho-cho-con-taste-of-wild-high-prairie-puppy-vi-bo-rung-va-nai-nuong-tui-2kg-202206211033013262.jpg\" alt=\"Thức ăn cho chó con Taste of the Wild High Prairie Puppy vị bò rừng và nai nướng túi 2kg 2\"></p><h3><strong>Lưu ý khi sử dụng và cách bảo quản thức ăn cho chó con Taste of the Wild High Prairie Puppy vị bò rừng và nai nướng túi 2kg</strong></h3><ul><li><strong>Lưu ý:</strong> Nên sử dụng theo bảng hướng dẫn có trên bao bì, xem kỹ HDSD trên bao bì trước khi dùng để đạt hiệu quả cao nhất cũng như đúng liều lượng cho từng giai đoạn phát triển của thú cưng. Không làm dụng loại thực phẩm để tránh làm phụ thuộc. Không dùng sản phẩm hết hạn hay bị biến chất, khác lạ.</li><li><strong>Cách bảo quản:</strong> Đậy kín miệng ngay sau khi dùng, tốt nhất nên dùng cho 1 lần hoặc dùng trong ngày, bảo quản cẩn thận để nơi khô ráo dành riêng khu vực cho thú cưng, thoáng mát, nhiệt độ thường, tránh nơi ẩm mốc, nhiệt độ cao, côn trùng, tránh lửa có thể gây hỏng sản phẩm.</li></ul><p>&nbsp;</p><h3><strong>Ưu điểm khi mua sản phẩm tại Pets Care</strong></h3><ul><li>Thức ăn cho chó con Taste of the Wild High Prairie Puppy vị bò rừng và nai nướng túi 2kg đang được kinh doanh tại Pets Care với mức giá hợp lý, cam kết chính hãng 100%, thành phần tự nhiên và giàu dinh dưỡng.</li><li>Mua ngay tại Pets Care online để có được giá ưu đãi, giao hàng nhanh chóng tận nơi kèm dịch vụ nhiệt tình, tận tâm và chu đáo.</li></ul><p>&nbsp;</p>', 3, 515000, 0, NULL, 'https://cdn.tgdd.vn/Products/Images/9818/283099/bhx/sellingpoint.jpg', 58, 0, 0, 5, 'thuc-an-cho-cho-con-taste-of-the-wild-vi-bo-rung-tui-2kg', 1, '2023-07-28 10:35:07', '2023-08-05 12:48:54'),
(23, 'SP_E7YQORP', 'Thức ăn cho chó lớn Pedigree hương bò và rau củ túi 1.5kg', 'Thức ăn cho chó lớn Pedigree hương bò và rau củ túi 1.5kg là sản phẩm thức ăn dạng hạt dành cho chó. Thức ăn cho chó Pedigree giúp bổ sung khoáng chất và vitamin, ngoài ra còn có chất sắt và kẽm đã được chứng mình là sẽ làm bộ lông của cún cưng được mềm mượt hơn.', '<p>Thức ăn cho chó Pedigree hương bò và rau củ là sản phẩm nổi bật của thương hiệu Pedigree.</p><p>Đây là nhãn hiệu nổi tiếng toàn cầu về các sản phẩm thức ăn và chăm sóc răng miệng dành cho chó. Thương hiệu Pedigree được cho ra mắt vào năm 1972 và chính thức thuộc sở hữu của tập đoàn Mars vào năm 1975.</p><h3>Thành phần dinh dưỡng trong thức ăn cho chó lớn Pedigree hương bò và rau củ túi 1.5kg</h3><p>Là sản phẩm dạng hạt khô, được làm từ thành phần chính là: Bắp, lúa mì, bột lông vũ thủy phân, dầu đậu tương, dầu cọ,...</p><p>Thức ăn cho chó Pedigree hương bò và rau củ có chứa những giá trị dinh dưỡng: Canxi, kali, phốt pho, kẽm, sắt, mangan, đồng, i ốt, selen, vitamin A, D3, E, B2, B6, B1, B12, choline,...<br><img src=\"https://cdn.tgdd.vn/Products/Images/9818/238335/bhx/thuc-an-cho-cho-lon-pedigree-huong-bo-va-rau-cu-tui-15kg-202212151545245229.jpg\" alt=\"Thức ăn cho chó lớn Pedigree hương bò và rau củ túi 1.5kg 0\"></p><h3>Tác dụng của thức ăn cho chó lớn Pedigree hương bò và rau củ với sức khỏe</h3><p>Không chỉ có hương vị thơm ngon, thức ăn cho chó Pedigree còn mang lại cho thú cưng nhiều những lợi ích:</p><p>Chống oxy hóa hỗ trợ hệ miễn dịch.</p><p>Cung cấp nguồn dinh dưỡng cân bằng, toàn diện cho chó cưng.</p><p>Bổ sung 38 dưỡng chất cần thiết cho cơ thể thú cưng.</p><p>Cho cơ bắp của chó phát triển rắn chắc hơn nhờ nguồn chất đạm cao cấp.</p><p>Giúp xương chắc khỏe và hệ tiêu hóa hoạt động hiệu quả.</p><p>Mang lại bộ lông óng mượt hơn nhờ Omega 6 và kẽm.</p><h3>Lưu ý khi sử dụng và cách bảo quản thức ăn cho chó lớn Pedigree hương bò và rau củ</h3><p>Bảo quản ở nơi cao ráo, thoáng mát, tránh ánh nắng mặt trời chiếu trực tiếp.</p><p>Thức ăn cho chó Pedigree hương bò, rau củ dành cho chó trưởng thành từ 5 tới 50kg.</p><p>Nên cho chó cưng ăn với lượng thức ăn theo hướng dẫn trên bao bì sản phẩm.<br><img class=\"image_resized\" style=\"width:559px;\" src=\"https://cdn.tgdd.vn/Products/Images//9818/238335/bhx/files/image.png\"></p><h3>Ưu điểm khi mua thức ăn cho chó tại PETS CARE</h3><p>Dòng sản phẩm thức ăn cho chó Pedigree được phân phối chính hãng tại Pets care, cam kết đúng nguồn gốc xuất xứ và chất lượng của sản phẩm. Khi mua hàng qua ứng dụng hoặc website của Pets care, bạn sẽ nhận được nhiều ưu đãi và khuyến mãi mỗi ngày, cùng dịch vụ giao hàng tận nhà nhanh chóng, tiện lợi..</p><p><br>&nbsp;</p>', 9, 125000, 0, NULL, 'https://cdn.tgdd.vn/Products/Images/9818/238335/bhx/thuc-an-cho-cho-lon-pedigree-vi-bo-va-rau-cu-tui-15kg-202105110824312398.jpg', 59, 0, 0, 1, 'thuc-an-cho-cho-lon-pedigree-huong-bo-va-rau-cu-tui-15kg', 1, '2023-07-28 10:35:37', '2023-09-01 02:08:22'),
(24, 'SP_NK0WLO8', 'Sốt cho chó lớn Pedigree vị bò nấu sốt gói 80g', 'Có dạng sền sệt, bạn có thể trộn với cơm hoặc thức ăn hạt. Sốt cho chó lớn Pedigree hương bò nướng và rau túi 80g chứa nhiều loại chất dinh dưỡng và vitamin, giúp tăng cường hệ miễn dịch và giúp các chú cún phát triển một cách toàn diện.', '<h3><strong>Đôi nét về thương hiệu</strong></h3><p>Pedigree&nbsp;là thương hiệu chuyên cung cấp các sản phầm dành cho thú cưng có hàm lượng dinh dưỡng cao tốt cho sức khỏe của thú cưng. Đây là thương hiệu phổ biến về thức ăn cho chó trên toàn Thế Giới. Năm 1972, Pedigree chính thức được ra mắt là một công ty sản xuất thức ăn đóng gói quy mô lớn với tiền thân là dòng sản phẩm cho chó mang tên “Chappie” thành lập từ những năm 1950. Đến năm 1975, Pedigree trở thành một bộ phận trong chuỗi PetCare nổi tiếng hàng đầu&nbsp;thuộc tập đoàn Mars, Mỹ.Cho đến thời điểm hiện tại thương hiệu dần khẳng định vị thế của mình trên thị trường bởi cung cấp các sản phẩm chất lượng cho thú cưng.</p><h3><strong>Thành phần có trong sản phẩm</strong></h3><p><img src=\"https://cdn.tgdd.vn/Products/Images/9818/238713/bhx/sot-cho-cho-lon-pedigree-vi-bo-nuong-va-rau-tui-80g-202105100111313903.jpg\" alt=\"Sốt cho chó lớn Pedigree vị bò nấu sốt gói 80g 0\"></p><p>Sốt cho chó lớn Pedigree hương bò nướng, rau có chứa các thành phần như sau:&nbsp;Phụ phẩm từ gà 33.92% (gan bò, thịt gà), rau củ 3.98% (cà rốt, bí đỏ), nước thịt, gluten lúa mì, huyết tương bò, dầu đậu nành, khoáng, vitamin, nước, chất xơ, đường,...tốt cho sức khỏe chó mèo.</p><h3><strong>Tác dụng của sốt cho chó lớn Pedigree hương bò nướng, rau đối với sức khỏe cho chó</strong></h3><p><img src=\"https://cdn.tgdd.vn/Products/Images/9818/238713/bhx/sot-cho-cho-lon-pedigree-vi-bo-nuong-va-rau-tui-80g-202105100111327351.jpg\" alt=\"Sốt cho chó lớn Pedigree vị bò nấu sốt gói 80g 1\"></p><p>Sốt cho chó lớn Pedigree hương bò nướng, rau có những công dụng tuyệt vời đối với sức khỏe như sau:</p><p>Sản phẩm thức ăn cho chó con Pedigree vị bò nướng và rau có dạng sền sệt, bạn có thể trộn với cơm hoặc thức ăn hạt để tạo thành một bữa ăn dinh dưỡng, đậm đà và thơm ngon hơn.</p><p>Thành phần của sản phẩm được bổ sung nhiều loại chất dinh dưỡng và vitamin, giúp tăng cường hệ miễn dịch và giúp các chú cún phát triển một cách toàn diện.</p><p>Ngoài ra, <a href=\"https://www.bachhoaxanh.com/thuc-an-cho-meo-pedigree\">thức ăn cho chó Pedigree</a> còn giúp đường ruột của các bé cún được khoẻ mạnh hơn, dễ dàng hấp thu thức ăn hơn. Giúp răng chắc khỏe hơn rất nhiều.</p><p>Đặc biệt, lượng Omega 6 và kẽm giúp cho bộ lông của chú cún được mềm mượt hơn.</p><p><a href=\"https://www.bachhoaxanh.com/thuc-an-cho-meo/thuc-an-cho-cho-con-pedigree-vi-ga-nau-sot-tui-130g\">Thức ăn cho chó</a> Pedigree được sản xuất trên dây chuyền hiện đại với nguồn nguyên liệu sạch sẽ nên đảm bảo an toàn cho chú cún.</p><h3><strong>Bảo quản và lưu ý khi sử dụng sản phẩm&nbsp;</strong></h3><p>Bảo quản sản phẩm ở những nơi khô ráo, thoáng mát tránh tiếp xúc trực tiếp với ánh nắng hoặc ở những nơi có nhiệt độ cao</p><p>Đậy nắp kỹ sau mỗi lần cho chó sử dụng</p><p>Ngưng sử dụng và thăm khám bác sĩ thú y nếu cho xuất hiện triệu chứng bất thường</p><p>Tránh xa tầm tay trẻ em</p><p>&nbsp;</p><h3><strong>Ưu điểm khi mua hàng tại Pets Care</strong></h3><p>Khi mua hàng tại Pets Care bạn sẽ nhận được sản phẩm chất lượng, có nguồn gốc xuất xứ rõ ràng giá cả lại vô cùng hợp lý. Ngoài ra, bạn có thể truy cập vào PetsCare.com chọn mua để được giao hàng tận nơi với đội ngũ nhân viên nhiệt tình, chu đáo</p>', 10, 13000, 0, NULL, 'https://cdn.tgdd.vn/Products/Images/9818/238713/bhx/-202304031032349692.jpg', 70, 0, 0, 1, 'sot-cho-cho-lon-pedigree-vi-bo-nau-sot-goi-80g', 1, '2023-07-28 10:37:39', '2023-08-16 01:15:47'),
(25, 'SP_CLLMJRT', 'Thức ăn cho chó con Pedigree hương gà, trứng và sữa bao 8kg', 'Có sự kết hợp với trứng và sữa, sẽ không gây ngán cho chú cún yêu của bạn. Thức ăn cho chó con Pedigree hương gà, trứng và sữa bao 8kg chứa một lượng canxi và phốt pho, những dưỡng chất này sẽ giúp cho răng và xương cún được chắc khỏe.', '<p>Pedigree&nbsp;là thương hiệu chuyên cung cấp các sản phầm dành cho thú cưng có hàm lượng dinh dưỡng cao tốt cho sức khỏe của thú cưng. Đây là thương hiệu phổ biến về thức ăn cho chó trên toàn Thế Giới. Năm 1972, Pedigree chính thức được ra mắt là một công ty sản xuất thức ăn đóng gói quy mô lớn với tiền thân là dòng sản phẩm cho chó mang tên “Chappie” thành lập từ những năm 1950. Đến năm 1975, Pedigree trở thành một bộ phận trong chuỗi PetCare nổi tiếng hàng đầu&nbsp;thuộc tập đoàn Mars, Mỹ được nhiều người biết đến</p><h3><strong>Thành phần có trong đồ ăn chó con Pedigree hương gà</strong></h3><p><img src=\"https://cdn.tgdd.vn/Products/Images/9818/238698/bhx/thuc-an-cho-cho-con-pedigree-vi-ga-trung-va-sua-bao-8kg-202105110811373161.jpg\" alt=\"Thức ăn cho chó con Pedigree hương gà, trứng và sữa bao 8kg 0\"></p><p>Đồ ăn chó con Pedigree hương gà có chứa các thành phần như sau:&nbsp;Gia cầm và phụ phẩm gia cầm, gạo, ngô, bột đậu nành, chất tạo mùi (hương gà, hương sữa), lúa mù, dấu cọ, bột lúa mỳ, dầu gà, khoáng chất, dầu đậu nành, bột gluten ngô, đậu tương nguyên dầu,...</p><h3><strong>Tá dụng của đồ ăn chó con Pedigree hương gà đối với sức khỏe</strong></h3><p>Các bé cún cần cung cấp rất nhiều lượng protein cụ thể là gấp 3 lần so với người bình thường, vì thế nên các chú cún của bạn phải được bổ sung lượng protein đầy đủ để có thể khoẻ mạnh và phát triển toàn diện.</p><p><a href=\"https://www.bachhoaxanh.com/thuc-an-cho-meo-pedigree\">Thức ăn cho chó Pedigree</a> vị gà, trứng gà sữa bao 8kg giúp bổ sung rất nhiều khoáng chất và vitamin, với lượng chất sắt và kẽm có trong thức ăn sẽ giúp bộ lông của cún cưng được mềm mượt hơn chỉ trong vòng 6 tuần.</p><p>Ngoài ra, các thành phần như vitamin E giúp hệ tiêu hoá hấp thu dễ dàng, khoẻ mạnh hơn.&nbsp;Cùng với đó là hương vị thịt gà kết hợp với trứng và sữa, sẽ không gây ngán cho chú cún yêu của bạn.</p><p><a href=\"https://www.bachhoaxanh.com/thuc-an-cho-meo\">Thức ăn cho chó</a> Pedigree chứa một lượng canxi và phốt pho, những dưỡng chất này sẽ giúp cho răng và xương cún được chắc khỏe.</p><h3><strong>Bảo quản và lưu ý khi sử dụng sản phẩm&nbsp;</strong></h3><p><img src=\"https://cdn.tgdd.vn/Products/Images/9818/238698/bhx/thuc-an-cho-cho-con-pedigree-vi-ga-trung-va-sua-bao-8kg-202105110811387580.jpg\" alt=\"Thức ăn cho chó con Pedigree hương gà, trứng và sữa bao 8kg 1\"></p><p>Bảo quản sản phẩm ở những nơi khô ráo, thoáng mát tránh tiếp xúc trực tiếp với ánh nắng hoặc ở những nơi có nhiệt độ cao</p><p>Đậy nắp kỹ sau mỗi lần cho chó sử dụng</p><p>Không cho chó sử dụng khi sản phẩm đã hết hạn</p><p>Tránh xa tầm tay trẻ em</p><h3><strong>Ưu điểm khi mua hàng tại PETS CARE</strong></h3><p>Khi mua hàng tại Pets care bạn sẽ nhận được sản phẩm chất lượng, có nguồn gốc xuất xứ rõ ràng giá cả lại vô cùng hợp lý. Ngoài ra, bạn có thể truy cập vào petscare.com chọn mua để được giao hàng tận nơi với đội ngũ nhân viên nhiệt tình, chu đáo</p>', 3, 540000, 0, NULL, 'https://cdn.tgdd.vn/Products/Images/9818/238698/bhx/thuc-an-cho-cho-con-pedigree-vi-ga-trung-va-sua-bao-8kg-202105110811373161.jpg', 56, 0, 0, 1, 'thuc-an-cho-cho-con-pedigree-huong-ga-trung-va-sua-bao-8kg', 1, '2023-07-28 10:37:40', '2023-09-01 02:08:22'),
(26, 'SP_4DZOC80', 'Thức ăn cho chó lớn Pedigree hương bò và rau củ bao 10kg', 'Giúp bổ sung rất nhiều khoáng chất và vitamin, ngoài ra còn có chất sắt và kẽm đã được chứng mình là sẽ làm bộ lông của cún cưng được mềm mượt hơn. Thức ăn cho chó lớn Pedigree hương bò và rau củ bao 10kg dạng hạt tiện lợi, cho cún ăn nhanh chóng.', '<h3><strong>Đôi nét về thương hiệu&nbsp;</strong></h3><p>Pedigree&nbsp;là thương hiệu chuyên cung cấp các sản phầm dành cho thú cưng có hàm lượng dinh dưỡng cao tốt cho sức khỏe của thú cưng. Đây là thương hiệu phổ biến về thức ăn cho chó trên toàn Thế Giới. Năm 1972, Pedigree chính thức được ra mắt là một công ty sản xuất thức ăn đóng gói quy mô lớn với tiền thân là dòng sản phẩm cho chó mang tên “Chappie” thành lập từ những năm 1950. Đến năm 1975, Pedigree trở thành một bộ phận trong chuỗi PetCare nổi tiếng hàng đầu&nbsp;thuộc tập đoàn Mars, Mỹ.</p><h3><strong>Thành phần có trong đồ ăn chó lớn Pedigree hương bò&nbsp;</strong></h3><p><img src=\"https://cdn.tgdd.vn/Products/Images/9818/238696/bhx/thuc-an-cho-cho-lon-pedigree-vi-bo-va-rau-cu-bao-10kg-202105110810027826.jpg\" alt=\"Thức ăn cho chó lớn Pedigree hương bò và rau củ bao 10kg 0\"></p><p>Đồ ăn chó lớn Pedigree hương bò 10kg có chứa các thành phần như sau:&nbsp;Bắp, lúa mì, bột lông vũ đã thuỷ phân, đậu tương nguyên dầu, hương bò, dầu cọ, khoáng chất, thịt gà cầm và phụ phẩm gia cầm, khô dầu đậu tương, dầu đậu tương, vitamins,...tốt cho sức khỏe thú cưng nhà bạn.<br><br>Tác dụng của đồ ăn chó lớn Pedigree hương bò đối với sức khỏe</p><p>Thức ăn cho chó lớn Pedigree hương bò và rau củ bao 10kg&nbsp;đang là một sản phẩm được nhiều người tin tưởng sử dụng cho các chú cún yêu của mình. <strong>Protein là một dưỡng chất rất cần thiết đối với một chú cún</strong>, để có thể khoẻ mạnh và phát triển toàn diện thì các chú cún phải được bổ sung lượng protein đầy đủ.</p><p><a href=\"https://www.bachhoaxanh.com/thuc-an-cho-meo-pedigree\">Thức ăn cho chó Pedigree</a> vị bò và rau củ bao 10kg giúp bổ sung rất nhiều khoáng chất và vitamin, ngoài ra còn có chất sắt và kẽm đã được chứng mình là sẽ làm <strong>bộ lông của cún cưng được mềm mượt</strong> hơn chỉ trong vòng 6 tuần.</p><p>Thức ăn cho chó Pedigree chứa một lượng canxi và phốt pho, những dưỡng chất này sẽ <strong>giúp cho răng và xương cún được chắc khỏe</strong>.</p><p><a href=\"https://www.bachhoaxanh.com/thuc-an-cho-meo\">Thức ăn cho cún</a> dạng hạt rất tiện lợi, bởi người nuôi có thể nắm được thông tin và điều chỉnh lượng ăn phù hợp nhất. Sản phẩm còn giúp bạn tiết kiệm thời gian, nhanh chóng hơn mà không cần chuẩn bị cầu kỳ.</p><h3><strong>Bảo quản và lưu ý khi sử dụng sản phẩm&nbsp;</strong></h3><p>Bảo quản sản phẩm ở những nơi khô ráo, thoáng mát tránh tiếp xúc trực tiếp với ánh nắng hoặc ở những nơi có nhiệt độ cao</p><p>Đậy nắp kỹ sau mỗi lần cho chó sử dụng</p><p>Không cho chó sử dụng khi sản phẩm đã hết hạn</p><p>Tránh xa tầm tay trẻ em</p><h3><strong>Ưu điểm khi mua hàng tại Pets Care</strong></h3><p>Khi mua hàng tại Pets Care bạn sẽ nhận được sản phẩm chất lượng, có nguồn gốc xuất xứ rõ ràng giá cả lại vô cùng hợp lý. Ngoài ra, bạn có thể truy cập vào PetsCare.com chọn mua để được giao hàng tận nơi với đội ngũ nhân viên nhiệt tình, chu đáo</p>', 10, 600000, 0, NULL, 'https://cdn.tgdd.vn/Products/Images/9818/238696/bhx/-202306010839487034.jpg', 74, 0, 0, 1, 'thuc-an-cho-cho-lon-pedigree-huong-bo-va-rau-cu-bao-10kg', 1, '2023-07-28 10:40:37', '2024-01-01 20:57:56'),
(27, 'SP_XI5MZ39', 'Pate cho mèo Cherman vị cá thu và cá hồi gói 85g', 'Pate cho mèo Cherman vị cá thu và cá hồi 85g là dạng thức ăn mèo cung cấp giúp cung cấp nhiều dưỡng chất khác giúp mèo khỏe mạnh và phát triển tốt. Pate cho mèo Cherman là sản phẩm chất lượng từ Thái Lan, thương hiệu được yêu thích và nhiều người mua cho thú cưng.', '<p>Cherman chắc hẳn là thương hiệu thức ăn cho mèo vô cùng quen thuộc với nhiều đối tượng khách hàng ở nhiều quốc gia trong đó có cả Việt Nam. Thương hiệu có nguồn gốc từ Thái Lan, là 1 trong những hiệu có nhiều năm kinh nghiệm hoạt động trong nghề và bán chạy số 1 tại xứ sở chùa vàng.<br>Với mục tiêu mang đến các sản phẩm từ nguyên liệu tự nhiên, công thức chế biến đặc biệt áp dụng công nghệ cải tiến và dây chuyền hiện đại, mục đích cải thiện chất lượng sống cũng như giúp tiết kiệm nhiều thời gian cho mèo có ngay bữa ăn dinh dưỡng hoàn chỉnh. Tại Việt Nam các sản phẩm được nhập khẩu và phân phối chính hãng bởi chi nhánh công ty TNHH Thương mại và Xuất nhập khẩu J&amp;T.<br><img src=\"https://cdn.tgdd.vn/Files/2023/03/24/1520570/review-thuong-hieu-cherman-co-bao-nhieu-loai-gia-bao-nhieu-202303241530583694.jpg\" alt=\"Pate cho mèo Cherman vị cá thu và cá hồi gói 85g 0\"></p><h3><strong>Thành phần dinh dưỡng trong pate cho mèo Cherman vị cá thu và cá hồi gói 85g</strong></h3><p>Pate được xem là loại thực phẩm được các bé mèo yêu thích nhất và cũng được các chủ nuôi ưu tiên chọn lựa, được làm từ các thành phần: Cá thu, cá hồi, carrageenan, taurine, vitamin, khoáng chất, collagen, chiết xuất men, dầu đậu nành,...<br>Sản phẩm được chế biến hoàn toàn từ nguyên liệu tự nhiên, công thức chế biến độc quyền cho sản phẩm thực sự phù hợp với giai đoạn phát triển của thú cưng. Cung cấp đầy đủ các chất dinh dưỡng như: Đạm 10%, béo thô 1%, xơ thô 1%, tro thô 2.5%, độ ẩm 87%.<br><img src=\"https://cdn.tgdd.vn/Products/Images/12398/287401/bhx/sellingpoint.jpg\" alt=\"Pate cho mèo Cherman vị cá thu và cá hồi gói 85g 1\"></p><h3><strong>Tác dụng của pate cho mèo Cherman vị cá thu và cá hồi gói 85g với sức khỏe</strong></h3><p>Pate mang hương vị cá thu và cá hồi thơm lừng là loại thực phẩm mềm hợp khẩu vị được các bé mèo vô cùng yêu thích, được các chuyên gia nghiên cứu kỹ lưỡng cho ra mắt với các công dụng nổi bật như:</p><ul><li>Pate dành cho mèo từ cá biển đặc biệt giúp bổ sung DHA, Omega3 cùng các dưỡng chất có tác dụng rất lớn giúp kích thích vị giác, hấp thụ chất dinh dưỡng tốt hơn cho sự phát triển của bé mèo. Giúp cải thiện tình trạng biếng ăn.</li><li>Từ nguyên liệu tự nhiên, công thức chế biến độc đáo, cung cấp đủ các giá trị dinh dưỡng, đóng gói tiện dụng, có thể dễ dàng sử dụng khi ra ngoài cùng thú cưng, cho bữa ăn nhanh, tiết kiệm nhiều thời gian nhưng vẫn đảm bảo đủ nguồn dinh dưỡng.</li></ul><p><img src=\"https://cdn.tgdd.vn/Products/Images/12398/287401/bhx/pate-cho-meo-cherman-vi-ca-thu-va-ca-hoi-goi-85g-202209011002039814.jpg\" alt=\"Pate cho mèo Cherman vị cá thu và cá hồi gói 85g 2\"></p><p>&nbsp;</p><h3><strong>Lưu ý khi sử dụng và cách bảo quản pate cho mèo Cherman vị cá thu và cá hồi gói 85g</strong></h3><ul><li><strong>Lưu ý:</strong> Cho ăn theo như HDSD trên bao bì, cũng như liều lượng phù hợp, tham khảo kết hợp nhiều dạng thực phẩm khác nhau cho khẩu phần ăn đa dạng, cung cấp đủ thức uống cho thú cưng. Không dùng sản phẩm đã hết hạn hay có dấu hiệu lạ khác thường.</li><li><strong>Cách bảo quản:</strong> Đậy kín miệng ngay sau khi dùng, tốt nhất nên dùng cho 1 lần hoặc dùng trong ngày, bảo quản cẩn thận để nơi khô ráo dành riêng khu vực cho thú cưng, thoáng mát, nhiệt độ thường, tránh nơi ẩm mốc, nhiệt độ cao, côn trùng, tránh lửa có thể gây hỏng sản phẩm.</li></ul><p>&nbsp;</p><h3><strong>Ưu điểm khi mua sản phẩm tại PETS CARE</strong></h3><ul><li>Pate cho mèo Cherman vị cá thu và cá hồi gói 85g đang được kinh doanh tại Pets care với mức giá hợp lý, cam kết chính hãng 100%, thành phần tự nhiên và giàu dinh dưỡng.</li><li>Mua ngay tại Pets care online để có được giá ưu đãi, giao hàng nhanh chóng tận nơi kèm dịch vụ nhiệt tình, tận tâm và chu đáo.</li></ul>', 1, 25000, 0, NULL, 'https://cdn.tgdd.vn/Products/Images/12398/287401/bhx/pate-cho-meo-cherman-vi-ca-thu-va-ca-hoi-goi-85g-202209011002028168.jpg', 59, 0, 0, 1, 'pate-cho-meo-cherman-vi-ca-thu-va-ca-hoi-goi-85g', 1, '2023-07-31 15:27:45', '2024-01-01 20:57:56'),
(28, 'SP_ONFNWMQ', 'Lược chải lông chó mèo đầu lưỡi mềm BOBO Pet Comb', 'Lược chải lông chó mèo đầu lưỡi mềm BOBO Pet Comb sử dụng cho tất cả các giống cho mèo lông thẳng và lông xoăn.', '<p><span style=\"color:rgb(0,0,0);\">Lược chải lông chó mèo đầu lưỡi mềm BOBO Pet Comb giúp cho thú cưng nhà bạn có bộ lông đẹp ngay tại nhà. Với phần cán bằng inox chắc chắn. Tay cầm vừa vặn có lớp nhựa chống trơn trượt. Bạn có thể dễ dàng sử dụng, chải từng lớp lông rối, rụng của thú cưng một cách hiệu quả. Loại bỏ hầu hết các phần lông chết trên cơ thể của cún cưng. Không gây kích ứng da và cảm giác khó chịu. Phần răng lược mềm mại tạo cảm giác thoải mái nhất cho những người bạn 4 chân.</span></p>', 15, 100000, 0, NULL, 'https://www.petmart.vn/wp-content/uploads/2016/08/luoc-chai-long-cho-meo-dau-luoi-mem-bobo-pet-comb7-400x400.jpg', 100, 0, 0, 11, 'luoc-chai-long-cho-meo-dau-luoi-mem-bobo-pet-comb', 1, '2023-07-31 15:32:19', '2023-07-31 15:33:09'),
(29, 'SP_ANIBSLQ', 'Đệm cho chó mèo thành cao BOBBY PET 16OB002', 'Đệm cho chó mèo thành cao BOBBY PET 16OB002 được thiết kế dành riêng cho vật nuôi. Phù hợp với tất cả các giống chó mèo.', '<p>Đệm cho chó mèo thành cao BOBBY PET 16OB002 bao gồm lớp vải mỏng bên ngoài. Bên trong được cấu tạo bởi một lớp lông cừu dày ấm áp. Chất liệu bền và dễ dàng vệ sinh sạch sẽ. Thiết kế hình vuông, xung quanh có thành cao, cún cưng có thể nằm rất thoải mái ở mọi tư thế. Đặc biệt là tư thế cuộn tròn mà chúng yêu thích. Thành cao tạo cảm giác an toàn và ấm áp. Chiếc giường, ổ nệm xinh xắn cũng giúp ngôi nhà bạn trở nên đẹp mắt hơn.</p><p>Mẹo giặt nhà ổ đệm&nbsp;cho chó mèo: chỉ nên giặt sản phẩm bằng tay, không cần vắt mà chỉ cần phơi cho sản phẩm tự khô dưới ánh nắng mặt trời là tốt nhất. Như vậy sẽ giữ được phom của sản phẩm và tái sử dụng được lâu dài.</p><p>Kích thước &amp; màu sắc: 18 x 45 cm với nhiều gam màu sắc nổi bật và hiện đại phù hợp với thị giác của thú cưng của thú cưng.</p>', 16, 500000, 0, NULL, 'https://www.petmart.vn/wp-content/uploads/2015/10/dem-cho-cho-meo-thanh-cao-bobby-pet-16ob002-400x400.jpg', 129, 0, 0, 11, 'dem-cho-cho-meo-thanh-cao-bobby-pet-16ob002', 1, '2023-07-31 15:40:24', '2024-01-01 20:57:56');
INSERT INTO `products` (`id`, `sku`, `name`, `description_summary`, `description_detail`, `category_id`, `price`, `discount_price`, `discount_end`, `image_main`, `quantity`, `rating_count`, `average_rating`, `brand_id`, `slug`, `status`, `created_at`, `updated_at`) VALUES
(30, 'SP_KFDK7P8', 'Sốt dinh dưỡng cho mèo Whiskas vị cá thu gói 85g', 'Có lượng protein, đạm, vitamin giúp bé cún đầy đủ dưỡng chất, phát triển toàn diện. Lượng canxi có trong sốt cho mèo Whiskas vị cá thu túi 85g sẽ giúp cho xương và răng của mèo được chắc khoẻ hơn rất nhiều.', '<p>Whiskas nghe tên đã biết được đây chính là thương hiệu dành riêng cho mèo. Là nhãn hiệu được xem là rất lâu năm trong lĩnh vực sản xuất và cung cấp các sản phẩm thức ăn dành riêng cho mèo. Chính thức ra mắt tại thị trường Mỹ vào năm 1936 và nhanh chóng gây được tiếng vang lớn, hãng nổi bật với đầy đủ các dạng thức ăn như: hạt khô, hạt mềm, sốt dinh dưỡng, pate,... được nhiều khách hàng chọn lựa và tin dùng, nổi tiếng tại nhiều quốc gia, trong đó có Việt Nam, được bày bán tại nhiều tụ điểm bán hàng uy tín trên cả nước.<br><img src=\"https://cdn.tgdd.vn/Files/2021/04/23/1345723/thuc-an-cho-meo-whiskas-co-may-loai-co-tot-khong-202104231447495753.jpg\" alt=\"Sốt dinh dưỡng cho mèo Whiskas vị cá thu gói 85g 0\"></p><h3><strong>Thành phần dinh dưỡng trong sốt dinh dưỡng cho mèo Whiskas vị cá thu gói 85g</strong></h3><p>Ngoài thức ăn hạt thì dạng sốt mềm dinh dưỡng là món cực chuẩn khẩu vị và được các bé mèo vô cùng yêu thích, dễ sử dụng làm từ các thành phần: Cá 46.6% (cá mòi, cá thu, cá thịt trắng), dầu nành, chất tạo gel, khoáng chất, vitamin, nước, chất tạo màu,...<br>Sản phẩm được chế biến hoàn toàn từ nguyên liệu tự nhiên, công thức chế biến độc quyền cho sản phẩm thực sự phù hợp với giai đoạn phát triển của chó. Cung cấp đầy đủ các chất dinh dưỡng như: Độ ẩm max 87%, protein thô min 7%, béo thô min 2%, xơ thô max 1%, , khoáng tổng số max 3% và các khoáng chất thiết yếu cần thiết khác.<br><img src=\"https://cdn.tgdd.vn/Products/Images/12398/285068/bhx/6-goi-sot-cho-meo-whiskas-vi-ca-thu-tui-85g-202207201433472575.jpg\" alt=\"Sốt dinh dưỡng cho mèo Whiskas vị cá thu gói 85g 1\"></p><h3><strong>Tác dụng của sốt dinh dưỡng cho mèo Whiskas vị cá thu gói 85g với sức khỏe</strong></h3><ul><li>Sốt dinh dưỡng là món ăn ngon, được các bé mèo cũng như chủ vật nuôi tin dùng, được các chuyên gia nghiên cứu kỹ lưỡng cho ra mắt với các công dụng nổi bật như:</li><li>Dạng mềm dễ tiêu hóa cũng như làm từ nguyên liệu tự nhiên chứa nguồn dinh dưỡng vô cùng lớn cho khả năng phát triển toàn diện của thú cưng.</li><li>Sản phẩm dạng gói nhỏ, khẩu vị ngon khó cưỡng kích thích vị giác của mèo rất tốt cho khả năng tròn vị cũng như tốt cho hệ tiêu hóa.</li></ul><p><img src=\"https://cdn.tgdd.vn/Products/Images/12398/285068/bhx/6-goi-sot-cho-meo-whiskas-vi-ca-thu-tui-85g-202207201433483777.jpg\" alt=\"Sốt dinh dưỡng cho mèo Whiskas vị cá thu gói 85g 2\"></p><p>&nbsp;</p><h3><strong>Lưu ý khi sử dụng và cách bảo quản sốt dinh dưỡng cho mèo Whiskas vị cá thu gói 85g</strong></h3><ul><li><strong>Lưu ý:</strong> Xem kỹ HDSD trên bao bì để sử dụng đúng chuẩn, đạt hiệu quả tốt nhất. Lưu ý, sản phẩm này chỉ là đồ ăn dành riêng cho mèo. Không nên lạm dụng 1 dạng thực phẩm để tránh bị phụ thuộc, có thể kết hợp cho nhiều món ngon. Không dùng sản phẩm hết hạn hay bị biến chất, khác lạ.</li><li><strong>Cách bảo quản:</strong> Đậy kín miệng ngay sau khi dùng, tốt nhất nên dùng cho 1 lần hoặc dùng trong ngày, bảo quản cẩn thận để nơi khô ráo dành riêng khu vực cho thú cưng, thoáng mát, nhiệt độ thường, tránh nơi ẩm mốc, nhiệt độ cao, côn trùng, tránh lửa có thể gây hỏng sản phẩm.</li></ul><p>&nbsp;</p><h3><strong>Ưu điểm khi mua sản phẩm tại PETS CARE</strong></h3><ul><li>Sốt dinh dưỡng cho mèo Whiskas vị cá thu gói 85g đang được kinh doanh tại Pets care với mức giá hợp lý, cam kết chính hãng 100%, thành phần tự nhiên và giàu dinh dưỡng.</li><li>Mua ngay tại Pets care online để có được giá ưu đãi, giao hàng nhanh chóng tận nơi kèm dịch vụ nhiệt tình, tận tâm và chu đáo.</li></ul>', 17, 88000, 0, NULL, 'https://cdn.tgdd.vn/Products/Images/12398/285068/bhx/6-goi-sot-cho-meo-whiskas-vi-ca-thu-tui-85g-202207201433481185.jpg', 49, 0, 0, 11, 'sot-dinh-duong-cho-meo-whiskas-vi-ca-thu-goi-85g', 1, '2023-07-31 15:43:40', '2024-01-01 20:57:56'),
(31, 'SP_5X8CYP7', 'Cát cho mèo đi vệ sinh IRIS OHYAMA Urine', 'IRIS OHYAMA Urine thân thiện với môi trường, được thiết kế độc đáo với công nghệ Dust tree giúp giảm thiểu bụi đáng kể.', '<h2><strong>Cách sử dụng</strong></h2><ul><li>Đổ cát cho mèo đi vệ sinh vào trong khay vệ sinh cho mèo đến độ cao 5-6cm và san phẳng bề mặt cát. Đối với những chú mèo chưa quen với loại cát này, bạn có thể trộn ít cát cũ (có chứa nước tiểu hoặc phân của chúng) vào để dần thay đổi loại cát mới.</li><li>Cát sẽ kết tủa ở những chỗ mèo đi vệ sinh. Bạn nên xúc / vớt những cục kết tủa ra và bổ sung cát mới vào. Nếu để lâu, khả năng kết tủa của cát sẽ giảm, bạn nên thay toàn bộ cát mới.</li></ul><h2><strong>Lưu ý an toàn</strong></h2><ul><li>Để xa tầm tay trẻ em. Khi bổ sung hoặc thay đổi cát, hãy tránh để trẻ em chơi đùa với túi cát.</li><li>Giữ thông thoáng khi sử dụng sản phẩm trong phòng kín. Bụi cát có thể gây hại cho hệ hô hấp. Người có đường hô hấp nhạy cảm, người bị bệnh hô hấp, người có thể dị ứng nên chú ý khi sử dụng.</li><li>Nếu có người hoặc mèo ăn phải cát, hãy đến bệnh viện hoặc gặp bác sĩ hoặc <a href=\"https://www.petmart.vn/hoi-dap-thu-y-mien-phi\">thú y</a> ngay.</li></ul><p><br>&nbsp;</p>', 18, 170000, 0, NULL, 'https://www.petmart.vn/wp-content/uploads/2023/05/cat-cho-meo-di-ve-sinh-iris-urine-ph-test-cat-litter-400x400.jpg', 49, 0, 0, 12, 'cat-cho-meo-di-ve-sinh-iris-ohyama-urine', 1, '2023-07-31 15:47:24', '2024-01-01 20:57:56'),
(32, 'SP_ZF8BYT7', 'Vòng cổ chó mèo kèm dây dắt cỡ mini HAND IN HAND', 'Vòng cổ chó mèo kèm dây dắt cỡ mini Hand In Hand được làm bằng chất liệu 100% nylon cao cấp, cực bền, cực chắc. Dành cho những chú chó cỡ nhỏ, chó mèo con.', '<p>Vòng cổ chó mèo kèm dây dắt cỡ mini Hand In Hand thiết kế phong cách truyền thống. Bao gồm 2 phần có bản. Tay cầm dây xích và vòng cổ có tính chất của cao su tổng hợp. Bộ dây dắt kèm vòng cổ chó giúp chú chó cảm thấy thoải mái. Không bị khó chịu khi đeo cho chúng. Bạn có thể dử dụng để cố định thú cưng tại chỗ hoặc mọi vị trí mà bạn mong muốn. Hoặc mỗi khi ra ngoài thì đây cũng là phương tiện giúp bạn kiểm soát và quản lý cún cưng an toàn. Bạn có thể bảo vệ cún cưng và để chúng ở trong tầm nhìn của mình.</p><p>Trọng lượng: 0.2kg<br>Kích thước: Số đo vòng cổ từ 15,5cm đến 23,50cm. Chiều dài là 120cm.</p>', 19, 100000, 0, NULL, 'https://www.petmart.vn/wp-content/uploads/2019/05/vong-co-cho-meo-kem-day-dat-co-mini-hand-in-hand-400x400.jpg', 189, 0, 0, 11, 'vong-co-cho-meo-kem-day-dat-co-mini-hand-in-hand', 1, '2023-07-31 15:48:24', '2024-01-01 20:57:56'),
(33, 'SP_JLL3R4M', 'Thức ăn cho mèo Minino vị cá ngừ gói 1.3kg', 'Thức ăn cho mèo Minino là thương hiệu cung cấp các sản phẩm thức ăn cho mèo uy tín tại Việt Nam khá nổi tiếng và được nhiều khách hàng tin dùng. Thức ăn cho mèo Minino vị cá ngừ gói 1.3kg gói lớn dùng lâu dài, vị cá ngừ ngon, dinh dưỡng cũng như chống biến ăn cho thú cưng.', '<p>Minino là thương hiệu chuyên cung caasp các sản phẩm chăm sóc cho mèo được sử dụng phổ biến hiện nay.&nbsp;Minino được nhiều người biết đến bởi các sản phẩm chất lượng với các nguyên liệu toàn cho thú cưng . Đây là thương hiệu thuộc tập đoàn&nbsp; thực phẩm ADM của Tây Ban Nha. Hiện các sản phẩm thức ăn cho mèo Minino đang được sản xuất và phân phối tại Việt Nam bởi Công ty TNHH Guyomarch Việt Nam.</p><h3><strong>Thành phần dinh dưỡng có trong sản phẩm&nbsp;</strong></h3><p><img src=\"https://cdn.tgdd.vn/Products/Images/12398/289916/bhx/thuc-an-cho-meo-minino-vi-ca-ngu-goi-13kg-202210141119418472.jpg\" alt=\"Thức ăn cho mèo Minino vị cá ngừ gói 1.3kg 0\"></p><p>Thức ăn cho mèo Minino vị cá ngừ có chứa các thành phần dinh dưỡng như sau:&nbsp;&nbsp;Lúa mì, bắp, bột thịt gia cầm, bã nành, mỡ gia cầm, bột cá ngừ, vitamin, muối, chất bảo quản, chất chống oxy hoá, chất làm ngon miệng,..&nbsp; hầu hết các thành phần này đều an toàn và tốt cho sức khỏe bé mèo.</p><h3><strong>Tác dụng của sản phẩm đối với sức khỏe&nbsp;</strong></h3><p>Thức ăn cho mèo Minino vị cá ngừ là sản phẩm có những công dụng tuyệt vời đối với sức khỏe bé mèo như sau</p><p>Chứa một hàm lượng dinh dưỡng cao giúp mèo cưng phát triển toàn diện</p><p>Cung cấp các dưỡng chất và Vitamin thiết yếu cho mèo luôn khỏe mạnh</p><p>Hương vị thơm ngon, kích thích bé mèo ăn ngon miệng hơn</p><p>Hạn chế tình trạng lông vén cục trong hệ tiêu hóa, tăng cường dưỡng chất bảo vệ cơ thể</p><h3><strong>Bảo quản và lưu ý khi sử dụng sản phẩm</strong></h3><p><img src=\"https://cdn.tgdd.vn/Products/Images/12398/289916/bhx/thuc-an-cho-meo-minino-vi-ca-ngu-goi-13kg-202210141119437782.jpg\" alt=\"Thức ăn cho mèo Minino vị cá ngừ gói 1.3kg 1\"></p><p>Bảo quản sản phẩm ở những nơi khô ráo, thoáng mát tránh tiếp xức trực tiếp với ánh nắng hoặc ở những nơi có nhiệt độ cao</p><p>Đậy nắp kỹ sau mỗi lần cho mèo sử dụng</p><p>Ngưng sử dụng khi mèo xuất hiện triệu chứng bất thường</p><p>Tránh xa tầm tay trẻ em</p><h3><strong>Ưu điểm khi mua hàng tại PETS CARE</strong></h3><p>Khi mua hàng tại Pets care bạn sẽ nhận được sản phẩm chất lượng, có nguồn gốc xuất xứ rõ ràng và giá cả hợp lý. Ngoài ra, bạn có thể truy cập vào bachhoaxanh.com chọn mua để được giao hàng tận nơi.</p>', 20, 83500, 0, NULL, 'https://cdn.tgdd.vn/Products/Images/12398/289916/bhx/thuc-an-cho-meo-minino-vi-ca-ngu-goi-13kg-202210141119418472.jpg', 48, 0, 0, 13, 'thuc-an-cho-meo-minino-vi-ca-ngu-goi-13kg', 1, '2023-07-31 15:48:56', '2024-01-01 20:57:56'),
(34, 'SP_BZSWXHM', 'Cát vệ sinh cho mèo Bentonit 4in1 IRIS', 'Cát vệ sinh cho mèo Bentonit 4in1 IRIS OHYAMA MN4 là sản phẩm cao cấp dành cho những người nuôi mèo với 4 thành phần trong 1 gồm: bột đất sét bentonit, đậu nành (đậu hũ), chất khử mùi và chất chống bụi.', '<p><span style=\"color:rgb(51,51,51);\"><strong>Mô tả</strong></span></p><p>Cát vệ sinh cho mèo Bentonit 4in1 IRIS OHYAMA MN4 là sản phẩm cao cấp dành cho những người nuôi mèo với 4 thành phần trong 1 gồm: bột đất sét bentonit, đậu nành (đậu hũ), chất khử mùi và chất chống bụi.</p><h2><strong>Lợi ích chính</strong></h2><ul><li>Được làm từ bentonit tự nhiên, một loại đất sét có khả năng hút ẩm và vón cục tốt. Cát có hạt nhỏ, mềm mại và không gây bụi.</li><li>Được pha trộn với các thành phần khác nhau để tăng cường hiệu quả khử mùi, kháng khuẩn và chống dính.</li><li>Có mùi thơm nhẹ nhàng, không gây khó chịu cho mèo và người nuôi. Cát có thể kiềm chế mùi hôi trong thời gian dài và ngăn chặn sự phát triển của vi khuẩn.</li><li>Có giá thành hợp lý và tiết kiệm hơn so với các loại cát khác. Cát có thể sử dụng được lâu dài và dễ dàng vệ sinh.</li></ul><h2><strong>Cách sử dụng</strong></h2><ul><li>Đổ cát vào <a href=\"https://www.petmart.vn/danh-muc/meo/nha-ve-sinh-meo\">khay vệ sinh cho mèo</a> với độ dày khoảng 6-8 cm tùy theo nhu cầu.</li><li>Thay cát khi các cục đã bị ẩm hoặc khi cát đã hết khả năng khử mùi.</li><li>Vứt bỏ các cục cát đã vón vào thùng rác. Không xả cát vào bồn cầu gây tắc nghẽn.</li><li>Bảo quản cát ở nơi khô ráo và tránh ánh nắng trực tiếp.</li></ul>', 18, 160000, 0, NULL, 'https://www.petmart.vn/wp-content/uploads/2023/05/cat-ve-sinh-cho-meo-bentonit-4in1-iris-ohyama-mn4-400x400.jpg', 689, 0, 0, 12, 'cat-ve-sinh-cho-meo-bentonit-4in1-iris', 1, '2023-07-31 15:51:25', '2024-01-01 20:57:56'),
(35, 'SP_2N8X29Y', 'Hộp 12 gói pate cho mèo MARIA cá thu và cá hồi 70g', 'Thức ăn cho mèo MARIA là thương hiệu thức ăn cho mèo chất lượng cao từ Thái Lan, được nhiều khách hàng quan tâm và tin dùng. Hộp 12 gói pate cho mèo MARIA cá thu và cá hồi 70g từ nguyên liệu chất lượng, chứa đựng hàm lượng dinh dưỡng cao tốt cho sự phát triển của thú cưng.', '<p style=\"text-align:justify;\">Maria là thương hiệu thức ăn chó mèo quen thuộc đến từ xứ sở chùa vàng Thái Lan, sản phẩm cao cấp được làm từ nguồn nguyên liệu cao cấp đạt tiêu chuẩn Human Grade, tốt cho sức khỏe chó mèo nhà bạn</p><p style=\"text-align:justify;\">Maria đặc trưng với thành phần được làm từ thịt thật 100%, không trộn lẫn ngũ cốc, đảm bảo dinh dưỡng lành mạnh và đầy đủ cho chó mèo như protein, chất xơ,...</p><h3 style=\"text-align:justify;\"><strong>Thành phần dinh dưỡng có trong sản phẩm&nbsp;</strong></h3><p style=\"text-align:justify;\">Cá thu và cá hồi là 2 nguyên liệu chính làm nên sản phẩm, kết hợp cùng một số nguyên phụ liệu khác, đảm bảo an toàn tạo ra hương vị thơm ngon và hấp dẫn các chú mèo<br><img class=\"image_resized\" style=\"width:1024px;\" src=\"https://cdn.tgdd.vn/Products/Images//12398/302591/bhx/files/12-goi-thuc-an-mem-maria-ca-thu-va-ca-hoi-70g-202302201038323613.jpg\" alt=\"Hộp 12 gói pate cho mèo MARIA cá thu và cá hồi 70g 0\"></p><h3 style=\"text-align:justify;\"><strong>Tác dụng của sản phẩm</strong></h3><p style=\"text-align:justify;\">Thức ăn tiện lợi, sử dụng đơn giản nhanh chóng</p><p style=\"text-align:justify;\">Cung cấp dầy đủ dinh dưỡng và năng lượng</p><p style=\"text-align:justify;\">Tốt cho sức khỏe tiêu hóa</p><p style=\"text-align:justify;\">Giúp da khỏe mạnh, bộ lông đẹp, hạn chế tình trạng rụng lông</p><h3 style=\"text-align:justify;\"><strong>Bảo quản và lưu ý khi sử dụng sản phẩm&nbsp;</strong></h3><p style=\"text-align:justify;\">Chỉ sử dụng làm thức ăn bổ sung cho mèo</p><p style=\"text-align:justify;\">Mở gói và cho mèo ăn trực tiếp, xem thêm trên bao bì để sử dụng lượng thức ăn phù hợp với cân nặng của các bé mèo</p><p style=\"text-align:justify;\">Sau khi mở gói cần giữ lạnh để bảo quản được lâu hơn</p><p style=\"text-align:justify;\">Tránh để cùng chỗ dễ nhầm lẫn với thức ăn của người</p><p style=\"text-align:justify;\">Đặt ngoài tầm tay trẻ em</p><h3 style=\"text-align:justify;\"><strong><img class=\"image_resized\" style=\"width:1024px;\" src=\"https://cdn.tgdd.vn/Products/Images//12398/302591/bhx/files/12-goi-thuc-an-mem-maria-ca-thu-va-ca-hoi-70g-202302201038350724.jpg\" alt=\"Hộp 12 gói pate cho mèo MARIA cá thu và cá hồi 70g 1\"></strong><br><strong>Ưu điểm khi mua sản phẩm tai PETS CARE</strong></h3><p style=\"text-align:justify;\">Bạn có thể hoàn toàn yên tâm khi chọn mua những sản phẩm chăm sóc thú cưng chất lượng tại Pets care, đảm bảo nguồn gốc và chất lượng cao</p><p style=\"text-align:justify;\">Giá bán tốt cùng nhiều chương trình ưu đãi</p><p style=\"text-align:justify;\">Giao hàng tận nhà, bạn có thể đặt hàng nhanh chóng qua app và web Pets care</p>', 22, 289000, 0, NULL, 'https://cdn.tgdd.vn/Products/Images/12398/302591/bhx/12-goi-thuc-an-mem-maria-ca-thu-va-ca-hoi-70g-202302201038323613.jpg', 599, 0, 0, 11, 'hop-12-goi-pate-cho-meo-maria-ca-thu-va-ca-hoi-70g', 1, '2023-07-31 15:52:57', '2024-01-01 20:57:56'),
(36, 'SP_ZP44WQ9', 'Yếm cho chó mèo kèm dây dắt AMBABY PET 1JXS058', 'Yếm cho chó mèo kèm dây dắt AMBABY PET 1JXS058', '<ul><li>Yếm cho chó mèo kèm dây dắt AMBABY PET 1JXS058 được thiết kế màu sắc năng động, hợp thời trang</li><li>Thú cưng của bạn sẽ được chú ý, thu hút từ ánh mắt của mọi người</li><li>Chất liệu vải cao cấp tuyệt đối không ảnh hưởng đến sức khỏe của chó mèo</li><li>Bạn cũng có thể điều chỉnh chiều dài ngực phù hợp với kích thước của thú cưng</li></ul>', 21, 250000, 0, NULL, 'https://www.petmart.vn/wp-content/uploads/2019/06/yem-cho-cho-meo-kem-day-dat-ambaby-pet-1jxs058-400x400.jpg', 746, 0, 0, 11, 'yem-cho-cho-meo-kem-day-dat-ambaby-pet-1jxs058', 1, '2023-07-31 15:54:26', '2024-01-01 20:57:56'),
(37, 'SP_0W8Y5TC', 'Cát vệ sinh thủy tinh cho mèo TRIXIE Silikatstreu', 'Mô tả Cát vệ sinh cho mèo TRIXIE Silikatstreu dạng hạt thủy tinh là sản phẩm dành cho tất cả giống mèo.', '<h2><strong>Lợi ích chính</strong></h2><ul><li>Cát vệ sinh thủy tinh cho mèo TRIXIE Silikatstreu là dạng hạt, có khả năng hấp thụ nước tiểu của mèo rất nhanh</li><li>Siêu vón mà không để lại mùi hôi. Sản phẩm rất dễ sử dụng</li><li>Bạn chỉ cần chuẩn bị một khay vệ sinh cho mèo và đổ cát vào đó. Huấn luyện mèo đi vệ sinh đúng chỗ. Điều này sẽ giúp bạn giải quyết được việc đi vệ sinh bừa bãi của thú cưng</li><li>Bên cạnh đó trọng lượng cát cũng rất nhẹ. Cực hiệu quả khi gặp nước tiểu liền kết lại nhanh chóng</li><li>Kinh tế hơn nhiều so với những sản phẩm khác trên thị trường</li><li>Cát vệ sinh cũng giảm thiểu được bụi phân tán trong không khí, không gây ảnh hưởng cho người bị dị ứng</li></ul>', 18, 160000, 0, NULL, 'https://www.petmart.vn/wp-content/uploads/2016/04/cat-ve-sinh-cho-meo-trixiesilikatstreu-400x400.jpg', 549, 0, 0, 15, 'cat-ve-sinh-thuy-tinh-cho-meo-trixie-silikatstreu', 1, '2023-07-31 15:55:55', '2024-01-01 20:57:56'),
(38, 'SP_IOGZOD7', 'Thức ăn cho mèo Kitekat hương cá thu túi 1.4kg', 'Thức ăn cho mèo gồm thành phần như cá thu, thịt gia cầm, bắp,... Thức ăn cho mèo Kitekat tạo thành một hương vị thơm ngon, kích thích vị giác. Thức ăn cho mèo Kitekat hương cá thu túi 1.4kg là thức ăn dạng hạt nên bạn có thể điều chỉnh số lượng hợp lý, nhanh chóng.', '<p>Kitekat là thương hiệu thức ăn dành cho chó mèo đến từ Thái Lan. Đây là thương hiệu lớn ngày càng được phân phối rộng rãi tại Việt Nam và được nhiều người lựa chọn cho thú cưng nhà mình. Các sản phẩm cũng khá đa dạng, dinh dưỡng và tiện lợi cho chó mèo.</p><h3><img src=\"https://cdn.tgdd.vn/Products/Images/9818/238363/bhx/thuc-an-cho-meo-kitekat-vi-ca-thu-tui-14kg-202105110813569322.jpg\" alt=\"Thức ăn cho mèo Kitekat hương cá thu túi 1.4kg 0\"><br><strong>Thành phần dinh dưỡng trong sản phẩm</strong></h3><p>Thành phần dinh dưỡng trong Thức ăn cho mèo Kitekat hương cá thu túi 1.4kg gồm độ ẩm max 12%, protein thô min 26%, béo thô min 9%, xơ thô max 5%, khoáng tổng số max 10% với những thành phần như bắp, thịt gia cầm và các phụ phẩm từ gia cầm, gạo nát, bột lông vũ đã thủy phân, hương cá thu, gluten ngô, stearin cọ, dầu đậu nành, khoáng chất,...</p><h3><strong>Tác dụng của sản phẩm với sức khỏe</strong></h3><p>Cung cấp năng lượng cho cơ thể hoạt động</p><p>Cung cấp dưỡng chất cho cơ thể mèo</p><p>Giúp phát triển tế bào</p><p>…</p><h3><img src=\"https://cdn.tgdd.vn/Products/Images/9818/238363/bhx/thuc-an-cho-meo-kitekat-vi-ca-thu-tui-14kg-202105110813584982.jpg\" alt=\"Thức ăn cho mèo Kitekat hương cá thu túi 1.4kg 1\"><br><strong>Lưu ý khi sử dụng và cách bảo quản sản phẩm</strong></h3><p>Tuỳ vào số tháng mà sẽ có lượng thức ăn khác nhau, xem cụ thể trên bao bì sản phẩm</p><p>Nơi khô ráo, thoáng mát, tránh ánh sáng trực tiếp</p><p>Luôn giữ sản phẩm trong bao bì kín hoặc thùng kín</p><p>Không sử dụng sản phẩm hết hạn</p><p>…</p><h3><strong>Ưu điểm khi mua sản phẩm tại PETS CARE</strong></h3><p>Mua thức ăn cho mèo Kitekat hương cá thu túi 1.4kg tiết kiệm, chất lượng, được đảm bảo nguồn gốc xuất xứ rõ ràng, tiện lợi. Mua online nhận được nhiều ưu đãi và khuyến mãi, giao hàng tận nhà. Hương vị của thức ăn cũng được đảm bảo, không lo mèo hấp thu không tốt, cùng bạn chăm sóc mèo cưng.</p>', 23, 93000, 0, NULL, 'https://cdn.tgdd.vn/Products/Images/12398/238363/bhx/thuc-an-cho-meo-kitekat-vi-ca-thu-tui-14kg-202105110813569322.jpg', 488, 0, 0, 14, 'thuc-an-cho-meo-kitekat-huong-ca-thu-tui-14kg', 1, '2023-07-31 15:55:56', '2024-01-01 20:57:56'),
(39, 'SP_Q9NL1D2', 'Yếm cho chó mèo kèm dây dắt AMBABY PET 1JXS044', 'Yếm cho chó mèo kèm dây dắt AMBABY PET 1JXS044 là sản phẩm dành cho tất cả giống chó và mèo.', '<ul><li>Yếm cho chó mèo kèm dây dắt AMBABY PET 1JXS044 được thiết kế màu sắc năng động, hợp thời trang</li><li>Thú cưng của bạn sẽ được chú ý, thu hút từ ánh mắt của mọi người</li><li>Chất liệu vải cao cấp tuyệt đối không ảnh hưởng đến sức khỏe của chó mèo</li><li>Bạn cũng có thể điều chỉnh chiều dài ngực phù hợp với kích thước của thú cưng</li></ul>', 21, 300000, 0, NULL, 'https://www.petmart.vn/wp-content/uploads/2019/06/yem-cho-cho-meo-kem-day-dat-ambaby-pet-1jxs044.jpg', 679, 0, 0, 11, 'yem-cho-cho-meo-kem-day-dat-ambaby-pet-1jxs044', 1, '2023-07-31 15:56:06', '2024-01-01 20:57:56'),
(40, 'SP_FJ045HA', 'Quần áo cho chó mèo AMBABY PET 2JXF164', 'Quần áo cho chó mèo AMBABY PET 2JXF164 là sản phẩm dành cho cả chó và mèo.', '<ul><li>Quần áo cho chó mèo AMBABY PET 2JXF164 sẽ làm cho thú cưng trở nên sành điệu và xinh xắn</li><li>Sản phẩm được thiết kế với chất liệu cotton và gia công tỉ mỉ</li><li>Kiểu dáng dễ mặc, dễ vận động đem đến sự thoải mái cho chó mèo</li></ul>', 21, 260000, 0, NULL, 'https://www.petmart.vn/wp-content/uploads/2019/06/quan-ao-cho-cho-meo-ambaby-pet-2jxf164-400x400.jpg', 479, 0, 0, 11, 'quan-ao-cho-cho-meo-ambaby-pet-2jxf164', 1, '2023-07-31 15:58:43', '2024-01-01 20:57:56'),
(41, 'SP_YOER2OA', 'Thức ăn cho mèo con Whiskas hương cá biển túi 1.1kg', 'Thức ăn cho mèo Whiskas cung cấp hơn 41 loại chất dinh dưỡng cần thiết và an toàn khi sử dụng cho bé mèo nhà bạn. Thức ăn cho mèo con Whiskas hương cá biển túi 1.1kg là thức ăn cho mèo dạng hạt có vị cá biển, chứa đủ khoáng chất vitamin giúp bé mèo của bạn phát triển toàn diện.', '<p>Thức ăn mèo con Whiskas hương cá biển là sản phẩm thức ăn được sản xuất dành cho mèo con rất nổi tiếng của thương hiệu Whiskas.</p><p>Nhãn hiệu Whiskas được cho ra mắt vào năm 1958, thuộc Mars Petcare. Đây là công ty con của tập đoàn Mars, Mỹ.</p><h3>Thành phần dinh dưỡng trong thức ăn cho mèo con Whiskas hương cá biển túi 1.1kg</h3><p>Là sản phẩm thức ăn cho mèo con dạng hạt có hương cá biển cùng nhiều những thành phần dinh dưỡng quan trọng như: i ốt, canxi, kẽm, kali, phốt pho, selen, sắt, mangan, đồng và các loại vitamin A, D3, choline, taurine, và các nhóm vitamin E, B2, B6, B1, B12.</p><p>Trong 100g thức ăn mèo con Whiskas hương cá biển có khoảng 358 kcal.<br><img src=\"https://cdn.tgdd.vn/Products/Images/12398/238356/bhx/thuc-an-cho-meo-con-whiskas-huong-ca-bien-tui-11kg-202212151548581356.jpg\" alt=\"Thức ăn cho mèo con Whiskas hương cá biển túi 1.1kg 0\"></p><h3>Tác dụng của thức ăn cho mèo con Whiskas hương cá biển với sức khỏe</h3><p>Thức ăn mèo con Whiskas hương cá biển bổ sung đến 41 loại chất dinh dưỡng cần thiết cho sự phát triển của mèo con.</p><p>Giúp cho các “Boss” luôn khỏe mạnh, tăng cường hệ miễn dịch, cho xương và lông chắc khỏe, mắt sáng hơn và khiến mèo luôn tràn đầy năng lượng, hoạt bát.</p><h3>Lưu ý khi sử dụng và cách bảo quản thức ăn cho mèo con Whiskas hương cá biển</h3><p>Bảo quản sản phẩm nơi khô thoáng, tránh ánh nắng mặt trời chiếu trực tiếp.</p><p>Cho mèo ăn theo hướng dẫn trên bao bì sản phẩm.</p><p>Thức ăn mèo con Whiskas hương cá biển dùng được cho mèo con trên từ 2 - 12 tháng tuổi, mèo đang mang thai hoặc cho con bú.</p><p>Không cho chó ăn thức ăn của mèo và ngược lại.</p><p>Không sử dụng sản phẩm hết hạn sử dụng.<br><img src=\"https://cdn.tgdd.vn/Products/Images/12398/238356/bhx/thuc-an-cho-meo-con-whiskas-vi-ca-bien-tui-11kg-202105110821536436.jpg\" alt=\"Thức ăn cho mèo con Whiskas hương cá biển túi 1.1kg 1\"></p><h3>Ưu điểm khi mua thức ăn cho mèo tại PETS CARE</h3><p>Dòng sản phẩm thức ăn cho thú cưng được phân phối chính hãng tại Pets care cam kết đúng nguồn gốc xuất xứ và chất lượng của sản phẩm.</p><p>Khi mua hàng qua ứng dụng hoặc website của Pets care, bạn sẽ nhận được nhiều ưu đãi và khuyến mãi mỗi ngày, cùng dịch vụ giao hàng tận nhà nhanh chóng, tiện lợi.</p>', 24, 139000, 0, NULL, 'https://cdn.tgdd.vn/Products/Images/12398/238356/bhx/-202305311049119524.jpg', 749, 0, 0, 16, 'thuc-an-cho-meo-con-whiskas-huong-ca-bien-tui-11kg', 1, '2023-07-31 16:01:03', '2024-01-01 20:57:56'),
(42, 'SP_5GCWZCA', 'Khăn tắm cho chó mèo siêu thấm hút PAW Pet Absorbent', 'Khăn tắm cho chó mèo siêu thấm hút PAW Pet Absorbent Hair Towel là sản phẩm không thể thiếu cho các bạn nuôi chó mèo lông dài, lông . Đây là khăn siêu thấm nước sản xuất trên dây chuyền công nghệ đặc biệt. Không giống với các khăn bông thông thường khác.', '<p>Khăn tắm cho chó mèo siêu thấm hút PAW Pet Absorbent Hair Towel có khả năng hút nước rất nhanh trong thời gian ngắn. 1 khăn tắm siêu thấm cho chó mèo có thể tương đương với 10 khăn bông thông thường. Do vậy tiết kiệm rất nhiều thời gian trong quá trình lau khô cho vật nuôi. Ngoài ra khăn tắm siêu thấm cho chó mèo chỉ cần vắt là khô mà không cần phơi như khăn bông bình thường khác. Sản phẩm được ưa chuộng tại nhiều quốc gia trên thế giới.</p><p>Nhờ khả năng hút nước nhanh và mạnh mẽ, bề mặt của khăn tạo cảm giác mềm mượt với lông và da của vật nuôi. Có thể sử dụng khăn thay cho máy sấy (đối với vật nuôi lông ngắn). Bảo quản cần giữ ẩm cho khăn sau mỗi lần sử dụng.</p>', 21, 90000, 0, NULL, 'https://www.petmart.vn/wp-content/uploads/2013/02/khan-tam-cho-cho-meo-sieu-tham-hut-paw-pet-absorbent-hair-towel-400x400.jpg', 849, 0, 0, 11, 'khan-tam-cho-cho-meo-sieu-tham-hut-paw-pet-absorbent', 1, '2023-07-31 16:03:24', '2024-01-01 20:57:56'),
(43, 'SP_X0Q73O0', 'Cát vệ sinh hữu cơ cho mèo CATS BEST Original', 'Cát vệ sinh hữu cơ cho mèo CATS BEST Original vón cục, thấm hút chất lỏng gấp 7 lần thể tích cát, khóa chặt mùi hôi và vi khuẩn trong một thời gian dài nhờ hệ thống mao dẫn của sợi cây, giải pháp tiết kiệm và an toàn cho cả người, mèo và môi trường.', '<ul><li>Được làm từ 100% cây hữu cơ thiên nhiên, có hương thơm tự nhiên của gỗ</li><li>Cực kỳ tiết kiệm, sau khi xúc bỏ phần cát chứa chất thải, phần cát còn lại có thể dùng tiếp trong 5-7 tuần</li><li>Vón cục, thấm hút lượng chất lỏng lớn gấp 7 lần thể tích của hạt</li><li>Khử mùi hôi toàn diện – không dùng hoá chất, phụ gia nhân tạo</li><li>Nhẹ gấp 3 lần so với cát vệ sinh thông thường, dễ vận chuyển</li><li>Phân huỷ sinh học 100%, thân thiện với môi trường, mèo và con người</li><li>Chất thải vón lại có thể tiêu huỷ trong toilet gia đình hoặc dùng làm phân bón</li><li>Chất xơ có thể tiêu hoá được nên sẽ an toàn nếu mèo nuốt phải</li></ul><h2><strong>Lợi ích chính</strong></h2><p>Cát vệ sinh cho mèo hữu cơ CATS BEST Original – Khóa chặt mùi hôi và vi trùng. Công nghệ JRS-ORGANIC FIBRE700 có chức năng như một chiếc bẫy mùi hôi và vi trùng, nhanh chóng thấm hút chất lỏng và mùi hôi, khóa chúng lại trong một thời gian dài nhờ hệ thống mao dẫn siêu tốt của sợi cây. Nhờ vậy, mùi hôi không bị phát tán ra ngoài mà không cần dùng bất kỳ hóa chất nào.</p>', 18, 140000, 0, NULL, 'https://www.petmart.vn/wp-content/uploads/2020/12/cats-best-original.jpg', 350, 0, 0, 17, 'cat-ve-sinh-huu-co-cho-meo-cats-best-original', 1, '2023-07-31 16:04:18', '2024-01-01 20:57:56');

-- --------------------------------------------------------

--
-- Table structure for table `product_img_collection`
--

CREATE TABLE `product_img_collection` (
  `product_id` bigint(20) UNSIGNED NOT NULL,
  `image_collection` varchar(200) NOT NULL,
  `created_at` timestamp NULL DEFAULT NULL,
  `updated_at` timestamp NULL DEFAULT NULL
) ENGINE=InnoDB DEFAULT CHARSET=utf8mb4 COLLATE=utf8mb4_unicode_ci;

--
-- Dumping data for table `product_img_collection`
--

INSERT INTO `product_img_collection` (`product_id`, `image_collection`, `created_at`, `updated_at`) VALUES
(1, 'https://cdn.tgdd.vn/Products/Images/9818/238330/bhx/thuc-an-cho-cho-lon-pedigree-vi-ga-va-rau-cu-tui-15kg-202105110829363400.jpg', '2023-07-28 09:53:43', '2023-07-28 09:53:43'),
(1, 'https://cdn.tgdd.vn/Products/Images/9818/238330/bhx/thuc-an-cho-cho-lon-pedigree-vi-ga-va-rau-cu-tui-15kg-202105110829360908.jpg', '2023-07-28 09:53:43', '2023-07-28 09:53:43'),
(1, 'https://cdn.tgdd.vn/Products/Images/9818/238330/bhx/thuc-an-cho-cho-lon-pedigree-vi-ga-va-rau-cu-tui-15kg-202105110829352173.jpg', '2023-07-28 09:53:43', '2023-07-28 09:53:43'),
(2, 'https://cdn.tgdd.vn/Products/Images/9818/272251/bhx/banh-thuong-dang-kem-cho-cho-smartheart-vi-thit-ga-va-cai-bo-xoi-goi-60g-202203261530574512.jpg', '2023-07-28 10:00:18', '2023-07-28 10:00:18'),
(2, 'https://cdn.tgdd.vn/Products/Images/9818/272251/bhx/banh-thuong-dang-kem-cho-cho-smartheart-vi-thit-ga-va-cai-bo-xoi-goi-60g-202203261530572637.jpg', '2023-07-28 10:00:18', '2023-07-28 10:00:18'),
(2, 'https://cdn.tgdd.vn/Products/Images/9818/272251/bhx/banh-thuong-dang-kem-cho-cho-smartheart-vi-thit-ga-va-cai-bo-xoi-goi-60g-202203261530570800.jpg', '2023-07-28 10:00:18', '2023-07-28 10:00:18'),
(3, 'https://cdn.tgdd.vn/Products/Images/9818/284476/bhx/thuc-an-hat-mem-cho-cho-gia-zenith-goi-3kg-202208201104157435.jpg', '2023-07-28 10:02:56', '2023-07-28 10:02:56'),
(3, 'https://cdn.tgdd.vn/Products/Images/9818/284476/bhx/thuc-an-hat-mem-cho-cho-gia-zenith-goi-3kg-202208201104152910.jpg', '2023-07-28 10:02:56', '2023-07-28 10:02:56'),
(3, 'https://cdn.tgdd.vn/Products/Images/9818/284476/bhx/thuc-an-hat-mem-cho-cho-gia-zenith-goi-3kg-202208201104148672.jpg', '2023-07-28 10:02:56', '2023-07-28 10:02:56'),
(4, 'https://cdn.tgdd.vn/Products/Images/9818/289963/bhx/thuc-an-hat-kho-cho-cho-lon-fibs-goi-400g-202210141151321246.jpg', '2023-07-28 10:03:51', '2023-07-28 10:03:51'),
(4, 'https://cdn.tgdd.vn/Products/Images/9818/289963/bhx/thuc-an-hat-kho-cho-cho-lon-fibs-goi-400g-202210141151317611.jpg', '2023-07-28 10:03:51', '2023-07-28 10:03:51'),
(4, 'https://cdn.tgdd.vn/Products/Images/9818/289963/bhx/thuc-an-hat-kho-cho-cho-lon-fibs-goi-400g-202210141151314311.jpg', '2023-07-28 10:03:51', '2023-07-28 10:03:51'),
(5, 'https://cdn.tgdd.vn/Products/Images/9818/289912/bhx/thuc-an-cho-truong-thanh-ganador-vi-ga-nuong-goi-400g-202210141139472684.jpg', '2023-07-28 10:06:48', '2023-07-28 10:06:48'),
(5, 'https://cdn.tgdd.vn/Products/Images/9818/289912/bhx/thuc-an-cho-truong-thanh-ganador-vi-ga-nuong-goi-400g-202210141139475806.jpg', '2023-07-28 10:06:48', '2023-07-28 10:06:48'),
(5, 'https://cdn.tgdd.vn/Products/Images/9818/289912/bhx/thuc-an-cho-truong-thanh-ganador-vi-ga-nuong-goi-400g-202210141139479206.jpg', '2023-07-28 10:06:48', '2023-07-28 10:06:48'),
(5, 'https://cdn.tgdd.vn/Products/Images/9818/289912/bhx/thuc-an-cho-truong-thanh-ganador-vi-ga-nuong-goi-400g-202210141139482644.jpg', '2023-07-28 10:06:48', '2023-07-28 10:06:48'),
(5, 'https://cdn.tgdd.vn/Products/Images/9818/289912/bhx/thuc-an-cho-truong-thanh-ganador-vi-ga-nuong-goi-400g-202210141139485939.jpg', '2023-07-28 10:06:48', '2023-07-28 10:06:48'),
(5, 'https://cdn.tgdd.vn/Products/Images/9818/289912/bhx/thuc-an-cho-truong-thanh-ganador-vi-ga-nuong-goi-400g-202210141139489237.jpg', '2023-07-28 10:06:48', '2023-07-28 10:06:48'),
(5, 'https://cdn.tgdd.vn/Products/Images/9818/289912/bhx/sellingpoint.jpg', '2023-07-28 10:07:22', '2023-07-28 10:07:22'),
(6, 'https://cdn.tgdd.vn/Products/Images/9818/283450/bhx/thuc-an-cho-cho-taste-of-wild-high-prairie-puppy-vi-bo-rung-va-nai-nuong-tui-500g-202207051048393844.jpg', '2023-07-28 10:08:53', '2023-07-28 10:08:53'),
(6, 'https://cdn.tgdd.vn/Products/Images/9818/283450/bhx/thuc-an-cho-cho-taste-of-wild-high-prairie-puppy-vi-bo-rung-va-nai-nuong-tui-500g-202207051048383243.jpg', '2023-07-28 10:08:53', '2023-07-28 10:08:53'),
(6, 'https://cdn.tgdd.vn/Products/Images/9818/283450/bhx/thuc-an-cho-cho-taste-of-wild-high-prairie-puppy-vi-bo-rung-va-nai-nuong-tui-500g-202207051048378383.jpg', '2023-07-28 10:08:53', '2023-07-28 10:08:53'),
(7, 'https://cdn.tgdd.vn/Products/Images/9818/272656/bhx/thuc-an-cho-giong-cho-nho-classic-vi-thit-bo-nuong-tui-2kg-202203200122223917.jpg', '2023-07-28 10:09:36', '2023-07-28 10:09:36'),
(7, 'https://cdn.tgdd.vn/Products/Images/9818/272656/bhx/thuc-an-cho-giong-cho-nho-classic-vi-thit-bo-nuong-tui-2kg-202203200122220553.jpg', '2023-07-28 10:09:36', '2023-07-28 10:09:36'),
(7, 'https://cdn.tgdd.vn/Products/Images/9818/272656/bhx/thuc-an-cho-giong-cho-nho-classic-vi-thit-bo-nuong-tui-2kg-202203200122217673.jpg', '2023-07-28 10:09:36', '2023-07-28 10:09:36'),
(8, 'https://cdn.tgdd.vn/Products/Images/9818/284471/bhx/thuc-an-cho-cho-natural-core-eco2-thit-vit-goi-1kg-202208201401555517.jpg', '2023-07-28 10:13:53', '2023-07-28 10:13:53'),
(8, 'https://cdn.tgdd.vn/Products/Images/9818/284471/bhx/thuc-an-cho-cho-natural-core-eco2-thit-vit-goi-1kg-202208201401550016.jpg', '2023-07-28 10:13:53', '2023-07-28 10:13:53'),
(8, 'https://cdn.tgdd.vn/Products/Images/9818/284471/bhx/thuc-an-cho-cho-natural-core-eco2-thit-vit-goi-1kg-202208201401546208.jpg', '2023-07-28 10:13:53', '2023-07-28 10:13:53'),
(9, 'https://cdn.tgdd.vn/Products/Images/9818/273069/bhx/thuc-an-giong-cho-nho-truong-thanh-smartheart-vi-thit-bo-nuong-tui-15kg-202203200124287142.jpg', '2023-07-28 10:15:16', '2023-07-28 10:15:16'),
(9, 'https://cdn.tgdd.vn/Products/Images/9818/273069/bhx/thuc-an-giong-cho-nho-truong-thanh-smartheart-vi-thit-bo-nuong-tui-15kg-202203200124284955.jpg', '2023-07-28 10:15:16', '2023-07-28 10:15:16'),
(9, 'https://cdn.tgdd.vn/Products/Images/9818/273069/bhx/thuc-an-giong-cho-nho-truong-thanh-smartheart-vi-thit-bo-nuong-tui-15kg-202203200124282286.jpg', '2023-07-28 10:15:16', '2023-07-28 10:15:16'),
(10, 'https://cdn.tgdd.vn/Products/Images/9818/283451/bhx/thuc-an-cho-cho-taste-of-wild-pacific-stream-smoked-salmon-vi-ca-hoi-xong-khoi-tui-500g-202207270934415611.jpg', '2023-07-28 10:19:15', '2023-07-28 10:19:15'),
(10, 'https://cdn.tgdd.vn/Products/Images/9818/283451/bhx/thuc-an-cho-cho-taste-of-wild-pacific-stream-smoked-salmon-vi-ca-hoi-xong-khoi-tui-500g-202207270934418893.jpg', '2023-07-28 10:19:15', '2023-07-28 10:19:15'),
(10, 'https://cdn.tgdd.vn/Products/Images/9818/283451/bhx/thuc-an-cho-cho-taste-of-wild-pacific-stream-smoked-salmon-vi-ca-hoi-xong-khoi-tui-500g-202207270934421720.jpg', '2023-07-28 10:19:15', '2023-07-28 10:19:15'),
(10, 'https://cdn.tgdd.vn/Products/Images/9818/283451/bhx/thuc-an-cho-cho-taste-of-wild-pacific-stream-smoked-salmon-vi-ca-hoi-xong-khoi-tui-500g-202207270934439227.jpg', '2023-07-28 10:19:15', '2023-07-28 10:19:15'),
(10, 'https://cdn.tgdd.vn/Products/Images/9818/283451/bhx/thuc-an-cho-cho-taste-of-wild-pacific-stream-smoked-salmon-vi-ca-hoi-xong-khoi-tui-500g-202207270934443944.jpg', '2023-07-28 10:19:15', '2023-07-28 10:19:15'),
(11, 'https://cdn.tgdd.vn/Products/Images/9818/283139/bhx/thuc-an-hat-mem-cho-cho-origi-7-vi-thit-bo-goi-12kg-202208201348279291.jpg', '2023-07-28 10:19:28', '2023-07-28 10:19:28'),
(11, 'https://cdn.tgdd.vn/Products/Images/9818/283139/bhx/thuc-an-hat-mem-cho-cho-origi-7-vi-thit-bo-goi-12kg-202208201348273961.jpg', '2023-07-28 10:19:28', '2023-07-28 10:19:28'),
(11, 'https://cdn.tgdd.vn/Products/Images/9818/283139/bhx/thuc-an-hat-mem-cho-cho-origi-7-vi-thit-bo-goi-12kg-202208201348268932.jpg', '2023-07-28 10:19:28', '2023-07-28 10:19:28'),
(12, 'https://cdn.tgdd.vn/Products/Images/9818/285270/bhx/thuc-an-hat-mem-cho-cho-origi-7-thit-vit-goi-12kg-202210140900587136.jpg', '2023-07-28 10:20:12', '2023-07-28 10:20:12'),
(12, 'https://cdn.tgdd.vn/Products/Images/9818/285270/bhx/thuc-an-hat-mem-cho-cho-origi-7-thit-vit-goi-12kg-202210140900584480.jpg', '2023-07-28 10:20:12', '2023-07-28 10:20:12'),
(12, 'https://cdn.tgdd.vn/Products/Images/9818/285270/bhx/thuc-an-hat-mem-cho-cho-origi-7-thit-vit-goi-12kg-202210140900581810.jpg', '2023-07-28 10:20:12', '2023-07-28 10:20:12'),
(13, 'https://cdn.tgdd.vn/Products/Images/9818/283131/bhx/sellingpoint.jpg', '2023-07-28 10:22:20', '2023-07-28 10:22:20'),
(13, 'https://cdn.tgdd.vn/Products/Images/9818/283131/bhx/thuc-an-cho-cho-natural-core-eco1-vi-thit-cuu-goi-1kg-202208201359496968.jpg', '2023-07-28 10:22:20', '2023-07-28 10:22:20'),
(13, 'https://cdn.tgdd.vn/Products/Images/9818/283131/bhx/thuc-an-cho-cho-natural-core-eco1-vi-thit-cuu-goi-1kg-202208201359505254.jpg', '2023-07-28 10:22:20', '2023-07-28 10:22:20'),
(13, 'https://cdn.tgdd.vn/Products/Images/9818/283131/bhx/thuc-an-cho-cho-natural-core-eco1-vi-thit-cuu-goi-1kg-202208201359508617.jpg', '2023-07-28 10:22:20', '2023-07-28 10:22:20'),
(13, 'https://cdn.tgdd.vn/Products/Images/9818/283131/bhx/thuc-an-cho-cho-natural-core-eco1-vi-thit-cuu-goi-1kg-202208201359512265.jpg', '2023-07-28 10:22:20', '2023-07-28 10:22:20'),
(13, 'https://cdn.tgdd.vn/Products/Images/9818/283131/bhx/thuc-an-cho-cho-natural-core-eco1-vi-thit-cuu-goi-1kg-202208201359521613.jpg', '2023-07-28 10:22:20', '2023-07-28 10:22:20'),
(14, 'https://cdn.tgdd.vn/Products/Images/9818/283129/bhx/thuc-an-cho-cho-taste-of-wild-sierra-mountain-roasted-lamb-vi-thit-cuu-nuong-tui-2kg-202206211031444454.jpg', '2023-07-28 10:23:33', '2023-07-28 10:23:33'),
(14, 'https://cdn.tgdd.vn/Products/Images/9818/283129/bhx/thuc-an-cho-cho-taste-of-wild-sierra-mountain-roasted-lamb-vi-thit-cuu-nuong-tui-2kg-202206211031441211.jpg', '2023-07-28 10:23:33', '2023-07-28 10:23:33'),
(14, 'https://cdn.tgdd.vn/Products/Images/9818/283129/bhx/thuc-an-cho-cho-taste-of-wild-sierra-mountain-roasted-lamb-vi-thit-cuu-nuong-tui-2kg-202206211031437712.jpg', '2023-07-28 10:23:33', '2023-07-28 10:23:33'),
(15, 'https://cdn.tgdd.vn/Products/Images/9818/274144/bhx/thuc-an-cho-cho-lon-classic-vi-thit-bo-tui-2kg-202206080957282548.jpg', '2023-07-28 10:23:46', '2023-07-28 10:23:46'),
(15, 'https://cdn.tgdd.vn/Products/Images/9818/274144/bhx/thuc-an-cho-cho-lon-classic-vi-thit-bo-tui-2kg-202206080957266651.jpg', '2023-07-28 10:23:46', '2023-07-28 10:23:46'),
(15, 'https://cdn.tgdd.vn/Products/Images/9818/274144/bhx/thuc-an-cho-cho-lon-classic-vi-thit-bo-tui-2kg-202206080957256756.jpg', '2023-07-28 10:23:46', '2023-07-28 10:23:46'),
(16, 'https://cdn.tgdd.vn/Products/Images/9818/283124/bhx/thuc-an-cho-cho-con-taste-of-wild-pacific-stream-puppy-vi-ca-hoi-xong-khoi-goi-2kg-202206221419143942.jpg', '2023-07-28 10:26:05', '2023-07-28 10:26:05'),
(16, 'https://cdn.tgdd.vn/Products/Images/9818/283124/bhx/thuc-an-cho-cho-con-taste-of-wild-pacific-stream-puppy-vi-ca-hoi-xong-khoi-goi-2kg-202206221419140421.jpg', '2023-07-28 10:26:05', '2023-07-28 10:26:05'),
(16, 'https://cdn.tgdd.vn/Products/Images/9818/283124/bhx/thuc-an-cho-cho-con-taste-of-wild-pacific-stream-puppy-vi-ca-hoi-xong-khoi-goi-2kg-202206221419136626.jpg', '2023-07-28 10:26:05', '2023-07-28 10:26:05'),
(17, 'https://cdn.tgdd.vn/Products/Images/9818/283454/bhx/thuc-an-cho-cho-con-taste-of-wild-pacific-stream-puppy-vi-ca-hoi-xong-khoi-tui-500g-202207051047289879.jpg', '2023-07-28 10:27:31', '2023-07-28 10:27:31'),
(17, 'https://cdn.tgdd.vn/Products/Images/9818/283454/bhx/thuc-an-cho-cho-con-taste-of-wild-pacific-stream-puppy-vi-ca-hoi-xong-khoi-tui-500g-202207051047286894.jpg', '2023-07-28 10:27:31', '2023-07-28 10:27:31'),
(18, 'https://cdn.tgdd.vn/Products/Images/9818/238716/bhx/thuc-an-vat-cho-cho-pedigree-vi-gan-nuong-tui-80g-202105111909067406.jpg', '2023-07-28 10:28:11', '2023-07-28 10:28:11'),
(18, 'https://cdn.tgdd.vn/Products/Images/9818/238716/bhx/thuc-an-vat-cho-cho-pedigree-vi-gan-nuong-tui-80g-202105111909064874.jpg', '2023-07-28 10:28:11', '2023-07-28 10:28:11'),
(18, 'https://cdn.tgdd.vn/Products/Images/9818/238716/bhx/thuc-an-vat-cho-cho-pedigree-vi-gan-nuong-tui-80g-202105111909058600.jpg', '2023-07-28 10:28:11', '2023-07-28 10:28:11'),
(19, 'https://cdn.tgdd.vn/Products/Images/9818/238715/bhx/thuc-an-vat-cho-cho-pedigree-vi-thit-bo-xong-khoi-tui-80g-202105111910277827.jpg', '2023-07-28 10:30:35', '2023-07-28 10:30:35'),
(19, 'https://cdn.tgdd.vn/Products/Images/9818/238715/bhx/thuc-an-vat-cho-cho-pedigree-vi-thit-bo-xong-khoi-tui-80g-202105111910283081.jpg', '2023-07-28 10:30:35', '2023-07-28 10:30:35'),
(19, 'https://cdn.tgdd.vn/Products/Images/9818/238715/bhx/thuc-an-vat-cho-cho-pedigree-vi-thit-bo-xong-khoi-tui-80g-202105111910280419.jpg', '2023-07-28 10:30:35', '2023-07-28 10:30:35'),
(19, 'https://cdn.tgdd.vn/Products/Images/9818/238715/bhx/thuc-an-vat-cho-cho-pedigree-vi-thit-bo-xong-khoi-tui-80g-202105111910275145.jpg', '2023-07-28 10:30:35', '2023-07-28 10:30:35'),
(20, 'https://cdn.tgdd.vn/Products/Images/9818/238691/bhx/thuc-an-cho-cho-lon-pedigree-huong-bo-va-rau-cu-tui-500g-202305310947187475.jpg', '2023-07-28 10:30:42', '2023-07-28 10:30:42'),
(20, 'https://cdn.tgdd.vn/Products/Images/9818/238691/bhx/thuc-an-cho-cho-lon-pedigree-huong-bo-va-rau-cu-tui-500g-202305310947098698.jpg', '2023-07-28 10:30:42', '2023-07-28 10:30:42'),
(20, 'https://cdn.tgdd.vn/Products/Images/9818/238691/bhx/thuc-an-cho-cho-lon-pedigree-huong-bo-va-rau-cu-tui-500g-202305151339308404.jpg', '2023-07-28 10:30:42', '2023-07-28 10:30:42'),
(21, 'https://cdn.tgdd.vn/Products/Images/9818/238336/bhx/thuc-an-cho-cho-con-pedigree-vi-ga-trung-va-sua-tui-13kg-202105110827189061.jpg', '2023-07-28 10:33:37', '2023-07-28 10:33:37'),
(21, 'https://cdn.tgdd.vn/Products/Images/9818/238336/bhx/thuc-an-cho-cho-con-pedigree-vi-ga-trung-va-sua-tui-13kg-202105110827181355.jpg', '2023-07-28 10:33:37', '2023-07-28 10:33:37'),
(21, 'https://cdn.tgdd.vn/Products/Images/9818/238336/bhx/thuc-an-cho-cho-con-pedigree-vi-ga-trung-va-sua-tui-13kg-202105110827186609.jpg', '2023-07-28 10:33:37', '2023-07-28 10:33:37'),
(21, 'https://cdn.tgdd.vn/Products/Images/9818/238336/bhx/thuc-an-cho-cho-con-pedigree-vi-ga-trung-va-sua-tui-13kg-202105110827184087.jpg', '2023-07-28 10:33:37', '2023-07-28 10:33:37'),
(22, 'https://cdn.tgdd.vn/Products/Images/9818/283099/bhx/thuc-an-cho-cho-con-taste-of-wild-high-prairie-puppy-vi-bo-rung-va-nai-nuong-tui-2kg-202206211032598098.jpg', '2023-07-28 10:35:07', '2023-07-28 10:35:07'),
(22, 'https://cdn.tgdd.vn/Products/Images/9818/283099/bhx/thuc-an-cho-cho-con-taste-of-wild-high-prairie-puppy-vi-bo-rung-va-nai-nuong-tui-2kg-202206211032595693.jpg', '2023-07-28 10:35:07', '2023-07-28 10:35:07'),
(22, 'https://cdn.tgdd.vn/Products/Images/9818/283099/bhx/thuc-an-cho-cho-con-taste-of-wild-high-prairie-puppy-vi-bo-rung-va-nai-nuong-tui-2kg-202206211032592690.jpg', '2023-07-28 10:35:07', '2023-07-28 10:35:07'),
(23, 'https://cdn.tgdd.vn/Products/Images/9818/238335/bhx/thuc-an-cho-cho-lon-pedigree-vi-bo-va-rau-cu-tui-15kg-202105110824323625.jpg', '2023-07-28 10:35:37', '2023-07-28 10:35:37'),
(23, 'https://cdn.tgdd.vn/Products/Images/9818/238335/bhx/thuc-an-cho-cho-lon-pedigree-vi-bo-va-rau-cu-tui-15kg-202105110824320753.jpg', '2023-07-28 10:35:37', '2023-07-28 10:35:37'),
(23, 'https://cdn.tgdd.vn/Products/Images/9818/238335/bhx/thuc-an-cho-cho-lon-pedigree-vi-bo-va-rau-cu-tui-15kg-202105110824317862.jpg', '2023-07-28 10:35:37', '2023-07-28 10:35:37'),
(23, 'https://cdn.tgdd.vn/Products/Images/9818/238335/bhx/thuc-an-cho-cho-lon-pedigree-vi-bo-va-rau-cu-tui-15kg-202105110824315180.jpg', '2023-07-28 10:35:37', '2023-07-28 10:35:37'),
(24, 'https://cdn.tgdd.vn/Products/Images/9818/238713/bhx/-202304031032369523.jpg', '2023-07-28 10:37:39', '2023-07-28 10:37:39'),
(24, 'https://cdn.tgdd.vn/Products/Images/9818/238713/bhx/-202304031032361053.jpg', '2023-07-28 10:37:39', '2023-07-28 10:37:39'),
(24, 'https://cdn.tgdd.vn/Products/Images/9818/238713/bhx/sot-cho-cho-lon-pedigree-huong-bo-nuong-va-rau-tui-80g-202304031036089986.jpg', '2023-07-28 10:37:39', '2023-07-28 10:37:39'),
(25, 'https://cdn.tgdd.vn/Products/Images/9818/238698/bhx/thuc-an-cho-cho-con-pedigree-vi-ga-trung-va-sua-bao-8kg-202105110811382187.jpg', '2023-07-28 10:37:40', '2023-07-28 10:37:40'),
(25, 'https://cdn.tgdd.vn/Products/Images/9818/238698/bhx/thuc-an-cho-cho-con-pedigree-vi-ga-trung-va-sua-bao-8kg-202105110811379145.jpg', '2023-07-28 10:37:40', '2023-07-28 10:37:40'),
(25, 'https://cdn.tgdd.vn/Products/Images/9818/238698/bhx/thuc-an-cho-cho-con-pedigree-vi-ga-trung-va-sua-bao-8kg-202105110811376293.jpg', '2023-07-28 10:37:40', '2023-07-28 10:37:40'),
(26, 'https://cdn.tgdd.vn/Products/Images/9818/238696/bhx/-202306010839495837.jpg', '2023-07-28 10:40:37', '2023-07-28 10:40:37'),
(26, 'https://cdn.tgdd.vn/Products/Images/9818/238696/bhx/-202306010839503607.jpg', '2023-07-28 10:40:37', '2023-07-28 10:40:37'),
(26, 'https://cdn.tgdd.vn/Products/Images/9818/238330/bhx/thuc-an-cho-cho-lon-pedigree-vi-ga-va-rau-cu-tui-15kg-202105110829360908.jpg', '2023-07-28 12:18:06', '2023-07-28 12:18:06'),
(27, 'https://cdn.tgdd.vn/Products/Images/12398/287401/bhx/pate-cho-meo-cherman-vi-ca-thu-va-ca-hoi-goi-85g-202209011002034655.jpg', '2023-07-31 15:27:45', '2023-07-31 15:27:45'),
(27, 'https://cdn.tgdd.vn/Products/Images/12398/287401/bhx/pate-cho-meo-cherman-vi-ca-thu-va-ca-hoi-goi-85g-202209011002037467.jpg', '2023-07-31 15:27:45', '2023-07-31 15:27:45'),
(27, 'https://cdn.tgdd.vn/Products/Images/12398/287401/bhx/pate-cho-meo-cherman-vi-ca-thu-va-ca-hoi-goi-85g-202209011002031999.jpg', '2023-07-31 15:27:45', '2023-07-31 15:27:45'),
(28, 'https://www.petmart.vn/wp-content/uploads/2016/08/luoc-chai-long-cho-meo-dau-luoi-mem-bobo-pet-comb2-400x400.jpg', '2023-07-31 15:32:19', '2023-07-31 15:32:19'),
(28, 'https://www.petmart.vn/wp-content/uploads/2016/08/luoc-chai-long-cho-meo-dau-luoi-mem-bobo-pet-comb5-400x400.jpg', '2023-07-31 15:32:19', '2023-07-31 15:32:19'),
(28, 'https://www.petmart.vn/wp-content/uploads/2016/08/luoc-chai-long-cho-meo-dau-luoi-mem-bobo-pet-comb-400x400.jpg', '2023-07-31 15:32:19', '2023-07-31 15:32:19'),
(28, '', '2023-07-31 15:32:19', '2023-07-31 15:32:19'),
(30, 'https://cdn.tgdd.vn/Products/Images/12398/285068/bhx/6-goi-sot-cho-meo-whiskas-vi-ca-thu-tui-85g-202207201433476810.jpg', '2023-07-31 15:43:40', '2023-07-31 15:43:40'),
(30, 'https://cdn.tgdd.vn/Products/Images/12398/285068/bhx/6-goi-sot-cho-meo-whiskas-vi-ca-thu-tui-85g-202207201433474450.jpg', '2023-07-31 15:43:40', '2023-07-31 15:43:40'),
(30, 'https://cdn.tgdd.vn/Products/Images/12398/285068/bhx/6-goi-sot-cho-meo-whiskas-vi-ca-thu-tui-85g-202207201433483777.jpg', '2023-07-31 15:43:40', '2023-07-31 15:43:40'),
(29, 'https://www.petmart.vn/wp-content/uploads/2015/10/dem-cho-cho-meo-thanh-cao-bobby-pet-16ob002-4-400x400.jpg', '2023-07-31 15:44:04', '2023-07-31 15:44:04'),
(29, 'https://www.petmart.vn/wp-content/uploads/2015/10/dem-cho-cho-meo-thanh-cao-bobby-pet-16ob002-3-400x400.jpg', '2023-07-31 15:44:04', '2023-07-31 15:44:04'),
(29, 'https://www.petmart.vn/wp-content/uploads/2015/10/dem-cho-cho-meo-thanh-cao-bobby-pet-16ob002-2-400x400.jpg', '2023-07-31 15:44:04', '2023-07-31 15:44:04'),
(29, 'https://www.petmart.vn/wp-content/uploads/2015/10/dem-cho-cho-meo-thanh-cao-bobby-pet-16ob002-1-400x400.jpg', '2023-07-31 15:44:04', '2023-07-31 15:44:04'),
(31, 'https://www.petmart.vn/wp-content/uploads/2023/05/cat-cho-meo-di-ve-sinh-iris-urine-ph-test-cat-litter1-400x400.jpg', '2023-07-31 15:47:24', '2023-07-31 15:47:24'),
(31, 'https://www.petmart.vn/wp-content/uploads/2023/05/cat-cho-meo-di-ve-sinh-iris-urine-ph-test-cat-litter2-400x400.jpg', '2023-07-31 15:47:24', '2023-07-31 15:47:24'),
(32, 'https://www.petmart.vn/wp-content/uploads/2019/05/vong-co-cho-meo-kem-day-dat-hand-in-hand-co-mini6-400x400.jpg', '2023-07-31 15:48:24', '2023-07-31 15:48:24'),
(32, 'https://www.petmart.vn/wp-content/uploads/2019/05/vong-co-cho-meo-kem-day-dat-hand-in-hand-co-mini5-400x400.jpg', '2023-07-31 15:48:24', '2023-07-31 15:48:24'),
(33, 'https://cdn.tgdd.vn/Products/Images/12398/289916/bhx/thuc-an-cho-meo-minino-vi-ca-ngu-goi-13kg-202210141119429147.jpg', '2023-07-31 15:48:56', '2023-07-31 15:48:56'),
(33, 'https://cdn.tgdd.vn/Products/Images/12398/289916/bhx/thuc-an-cho-meo-minino-vi-ca-ngu-goi-13kg-202210141119425527.jpg', '2023-07-31 15:48:56', '2023-07-31 15:48:56'),
(33, 'https://cdn.tgdd.vn/Products/Images/12398/289916/bhx/thuc-an-cho-meo-minino-vi-ca-ngu-goi-13kg-202210141119422222.jpg', '2023-07-31 15:48:56', '2023-07-31 15:48:56'),
(34, 'https://www.petmart.vn/wp-content/uploads/2023/05/cat-ve-sinh-cho-meo-bentonit-iris-ohyama-mn2-400x400.jpg', '2023-07-31 15:51:25', '2023-07-31 15:51:25'),
(34, 'https://www.petmart.vn/wp-content/uploads/2023/05/cat-ve-sinh-cho-meo-bentonit-iris-ohyama-mn1-400x400.jpg', '2023-07-31 15:51:25', '2023-07-31 15:51:25'),
(35, 'https://cdn.tgdd.vn/Products/Images/12398/302591/bhx/12-goi-thuc-an-mem-maria-ca-thu-va-ca-hoi-70g-202302201038345517.jpg', '2023-07-31 15:52:57', '2023-07-31 15:52:57'),
(35, 'https://cdn.tgdd.vn/Products/Images/12398/302591/bhx/12-goi-thuc-an-mem-maria-ca-thu-va-ca-hoi-70g-202302201038340623.jpg', '2023-07-31 15:52:57', '2023-07-31 15:52:57'),
(35, 'https://cdn.tgdd.vn/Products/Images/12398/302591/bhx/12-goi-thuc-an-mem-maria-ca-thu-va-ca-hoi-70g-202302201038333951.jpg', '2023-07-31 15:52:57', '2023-07-31 15:52:57'),
(36, 'https://www.petmart.vn/wp-content/uploads/2019/06/yem-cho-cho-meo-kem-day-dat-ambaby-pet-1jxs058-2.jpg', '2023-07-31 15:54:26', '2023-07-31 15:54:26'),
(36, 'https://www.petmart.vn/wp-content/uploads/2019/06/yem-cho-cho-meo-kem-day-dat-ambaby-pet-1jxs058-1-400x400.jpg', '2023-07-31 15:54:26', '2023-07-31 15:54:26'),
(38, 'https://cdn.tgdd.vn/Products/Images/12398/238363/bhx/thuc-an-cho-meo-kitekat-vi-ca-thu-tui-14kg-202105110813580989.jpg', '2023-07-31 15:55:56', '2023-07-31 15:55:56'),
(38, 'https://cdn.tgdd.vn/Products/Images/12398/238363/bhx/thuc-an-cho-meo-kitekat-vi-ca-thu-tui-14kg-202105110813575346.jpg', '2023-07-31 15:55:56', '2023-07-31 15:55:56'),
(38, 'https://cdn.tgdd.vn/Products/Images/12398/238363/bhx/thuc-an-cho-meo-kitekat-vi-ca-thu-tui-14kg-202105110813572414.jpg', '2023-07-31 15:55:56', '2023-07-31 15:55:56'),
(39, 'https://www.petmart.vn/wp-content/uploads/2019/06/yem-cho-cho-meo-kem-day-dat-ambaby-pet-1jxs044-2.jpg', '2023-07-31 15:56:06', '2023-07-31 15:56:06'),
(39, 'https://www.petmart.vn/wp-content/uploads/2019/06/yem-cho-cho-meo-kem-day-dat-ambaby-pet-1jxs044-1-400x400.jpg', '2023-07-31 15:56:06', '2023-07-31 15:56:06'),
(40, 'https://www.petmart.vn/wp-content/uploads/2019/06/quan-ao-cho-cho-meo-ambaby-pet-2jxf164-2-400x400.jpg', '2023-07-31 15:58:43', '2023-07-31 15:58:43'),
(40, 'https://www.petmart.vn/wp-content/uploads/2019/06/quan-ao-cho-cho-meo-ambaby-pet-2jxf164-1-400x400.jpg', '2023-07-31 15:58:43', '2023-07-31 15:58:43'),
(41, 'https://cdn.tgdd.vn/Products/Images/12398/238356/bhx/-202305311049136002.jpg', '2023-07-31 16:01:03', '2023-07-31 16:01:03'),
(41, 'https://cdn.tgdd.vn/Products/Images/12398/238356/bhx/-202305311049125983.jpg', '2023-07-31 16:01:03', '2023-07-31 16:01:03'),
(41, 'https://cdn.tgdd.vn/Products/Images/12398/238356/bhx/-202305311049125983.jpg', '2023-07-31 16:01:03', '2023-07-31 16:01:03'),
(42, 'https://www.petmart.vn/wp-content/uploads/2013/02/khan-tam-cho-cho-meo-sieu-tham-hut-paw-pet-absorbent-hair-towel2.jpg', '2023-07-31 16:03:24', '2023-07-31 16:03:24'),
(42, 'https://www.petmart.vn/wp-content/uploads/2013/02/khan-tam-cho-cho-meo-sieu-tham-hut-paw-pet-absorbent-hair-towel5.jpg', '2023-07-31 16:03:24', '2023-07-31 16:03:24'),
(42, 'https://www.petmart.vn/wp-content/uploads/2013/02/khan-tam-cho-cho-meo-sieu-tham-hut-paw-pet-absorbent-hair-towel1-400x400.jpg', '2023-07-31 16:03:24', '2023-07-31 16:03:24');

-- --------------------------------------------------------

--
-- Table structure for table `reviews`
--

CREATE TABLE `reviews` (
  `id` bigint(20) UNSIGNED NOT NULL,
  `user_id` bigint(20) UNSIGNED NOT NULL,
  `post_id` bigint(20) UNSIGNED NOT NULL,
  `content` text NOT NULL,
  `created_at` timestamp NULL DEFAULT NULL,
  `updated_at` timestamp NULL DEFAULT NULL
) ENGINE=InnoDB DEFAULT CHARSET=utf8mb4 COLLATE=utf8mb4_unicode_ci;

-- --------------------------------------------------------

--
-- Table structure for table `services`
--

CREATE TABLE `services` (
  `id` bigint(20) UNSIGNED NOT NULL,
  `image_service` varchar(200) NOT NULL,
  `name` varchar(200) NOT NULL,
  `description` text NOT NULL,
  `icon` varchar(200) NOT NULL,
  `price` bigint(20) NOT NULL DEFAULT 0,
  `discount_price` bigint(20) NOT NULL DEFAULT 0,
  `created_at` timestamp NULL DEFAULT NULL,
  `updated_at` timestamp NULL DEFAULT NULL
) ENGINE=InnoDB DEFAULT CHARSET=utf8mb4 COLLATE=utf8mb4_unicode_ci;

--
-- Dumping data for table `services`
--

INSERT INTO `services` (`id`, `image_service`, `name`, `description`, `icon`, `price`, `discount_price`, `created_at`, `updated_at`) VALUES
(1, 'https://thegioinoithat.website/petscare/public/assets/files/dog-home.jpg', 'Combo Spa và Massage', 'Bao gồm dịch vụ spa, massage, và chăm sóc sức khỏe để giúp thú cưng thư giãn và thoải mái.', 'flaticon-doctor-stethoscope', 1000000, 800000, '2023-07-28 09:50:41', '2023-07-28 16:12:23'),
(2, 'https://thegioinoithat.website/petscare/public/assets/files/nhu-the-nao-la-mot-bac-si-thu-y-tot-nhung-dieu-can-biet-01.jpg', 'Combo Chăm sóc Thú cưng', 'Dành riêng cho thú cưng sau khi đã trải qua phẫu thuật, bao gồm việc theo dõi và chăm sóc đặc biệt.', 'flaticon-doctor-stethoscope', 1000000, 800000, '2023-07-28 09:52:29', '2023-08-04 15:59:30'),
(3, 'https://thegioinoithat.website/petscare/public/assets/files/huan-luyen-cho-binh-duong-5-min.jpg', 'Combo tiêm phòng định kỳ', 'Kiểm tra sức khỏe tổng quát, tiêm phòng, tẩy giun, và tư vấn về sức khỏe cho thú cưng.', 'flaticon-injection-needle', 1000000, 800000, '2023-07-28 09:56:43', '2023-07-28 11:52:35'),
(4, 'https://kinpetshop.com/wp-content/uploads/khach-san-cho-meo-tphcm.jpg', 'Khách sạn cho thú cưng', 'Cung cấp tất cả các dịch vụ chăm sóc và sắp xếp chỗ ở cho thú cưng của bạn khi bạn có việc đi xa.', 'flaticon-home', 1000000, 800000, '2023-07-28 09:57:55', '2023-08-04 16:01:40'),
(5, 'https://thegioinoithat.website/petscare/public/assets/files/dich-vu-cham-soc-thu-cung-1.png', 'Chăm sóc thú cưng', 'Đem lại dịch vụ y tế đầy đủ cho thú cưng bao gồm chẩn đoán, điều trị bệnh.', 'flaticon-doctor-stethoscope', 1000000, 800000, '2023-07-28 09:59:19', '2023-08-04 15:58:48'),
(6, 'https://thegioinoithat.website/petscare/public/assets/files/cham-soc-thu-cung-la-gi_1612258862.jpg', 'Dịch vụ chăm sóc tại nhà', 'Chăm sóc thú cưng tại nhà của khách hàng bao gồm việc đi dạo, tắm rửa.', 'flaticon-health-care', 1000000, 800000, '2023-07-28 10:00:35', '2023-08-04 15:58:26'),
(7, 'https://thegioinoithat.website/petscare/public/assets/files/puppy-farm-da-lat3.jpg', 'Trang trại thú cưng', 'Dịch vụ chăm sóc và giữ chó mèo ở một khu trang trại rộng rãi và thoải mái.', 'flaticon-sitting-dog', 1000000, 800000, '2023-07-28 10:04:47', '2023-07-28 10:40:50'),
(8, 'https://thegioinoithat.website/petscare/public/assets/files/petmart.png', 'Dịch vụ tư vấn', 'Cung cấp tư vấn chuyên môn về nuôi dạy, chăm sóc và huấn luyện chó mèo.', 'flaticon-dog-1', 1000000, 800000, '2023-07-28 10:07:56', '2023-07-28 10:50:01'),
(9, 'https://thegioinoithat.website/petscare/public/assets/files/dich-vu-cham-soc-thu-cung-theo-tieu-chuan-the-gioi-pho-bien-tai-viet-nam.jpg', 'Dịch vụ chăm sóc khi bệnh', 'Cung cấp dịch vụ chăm sóc đặc biệt và theo dõi thú cưng sau khi phẫu thuật.', 'flaticon-doctor-stethoscope', 1000000, 800000, '2023-07-28 10:11:36', '2023-07-28 14:20:26'),
(10, 'https://gdtd.1cdn.vn/2023/06/28/cdn-i.vtcnews.vn-upload-2023-06-23-_phat-tu-co-nen-nuoi-gio-meo-07182600.jpg', 'Dịch vụ tìm bạn cho thú cưng', 'Tổ chức các buổi gặp gỡ, hẹn hò cho các thú cưng để tạo ra môi trường giao lưu.', 'flaticon-dog', 1000000, 800000, '2023-07-28 10:17:20', '2023-08-04 16:02:08'),
(13, 'https://thegioinoithat.website/petscare/public/assets/files/2dv.jpg', 'Dịch vụ huấn luyện thú', 'Đào tạo và giáo dục thú cưng để cải thiện hành vi và tăng cường kỹ năng.', 'flaticon-dog-1', 1000000, 800000, '2023-07-28 10:30:13', '2023-07-28 12:30:21'),
(16, 'https://thegioinoithat.website/petscare/public/assets/files/spa-thu-cung-2.jpg', 'Spa và Grooming', 'Cung cấp dịch vụ tắm, cắt tỉa lông, và làm sạch móng cho thú cưng.', 'flaticon-health-care', 1000000, 8000000, '2023-07-28 12:32:58', '2023-07-28 12:49:26');

-- --------------------------------------------------------

--
-- Table structure for table `users`
--

CREATE TABLE `users` (
  `id` bigint(20) UNSIGNED NOT NULL,
  `name` varchar(50) NOT NULL,
  `email` varchar(50) NOT NULL,
  `google_id` varchar(100) DEFAULT NULL,
  `facebook_id` varchar(100) DEFAULT NULL,
  `github_id` varchar(100) DEFAULT NULL,
  `password` varchar(100) NOT NULL,
  `email_verified_at` datetime DEFAULT NULL,
  `status` tinyint(1) NOT NULL DEFAULT 1,
  `confirm` tinyint(1) NOT NULL,
  `confirmation_code` varchar(255) NOT NULL,
  `confirmation_code_expired_in` datetime NOT NULL,
  `is_admin` tinyint(1) NOT NULL DEFAULT 0,
  `image` varchar(200) NOT NULL,
  `remember_token` varchar(255) DEFAULT NULL,
  `created_at` timestamp NULL DEFAULT NULL,
  `updated_at` timestamp NULL DEFAULT NULL
) ENGINE=InnoDB DEFAULT CHARSET=utf8mb4 COLLATE=utf8mb4_unicode_ci;

--
-- Dumping data for table `users`
--

INSERT INTO `users` (`id`, `name`, `email`, `google_id`, `facebook_id`, `github_id`, `password`, `email_verified_at`, `status`, `confirm`, `confirmation_code`, `confirmation_code_expired_in`, `is_admin`, `image`, `remember_token`, `created_at`, `updated_at`) VALUES
(1, 'Hoàng Phúc', 'phuc262002@gmail.com', '116085816017192472416', NULL, NULL, '$2y$10$OP/PZ0bzQZda1tZe7fCzZ.RQjGR1x1BQ6GCXwuEPHIhBETaf/B1Oi', '2023-08-08 08:59:14', 1, 1, 'kUD8dn', '2023-08-08 08:59:14', 1, 'https://lh3.googleusercontent.com/a/AAcHTtdRV7QBb_M2ARZ_r0f0Q8hHwwsd9SHrEZAci0z71Jgt', 'MDCCyuC9rJuJLfF5zdojqZStFhiXqcpw4xQVOhkgPPTwABl3fSiavnuo5DVW', '2023-07-28 07:05:15', '2023-08-08 08:59:14'),
(3, 'Tran Quang Trung', 'trungtqps26857@fpt.edu.vn', '105131505947922078020', NULL, NULL, '$2y$10$N0shvBNdzJTE3Ly7vVfOpO6l0Ry/t3Blq2z9KHsbxClkYnIbp8YNa', '2023-07-28 09:33:12', 1, 0, '809624', '2023-08-08 10:52:36', 1, 'https://thegioinoithat.website/petscare/public/assets/images/member_avatar/5.png', 'bbuQ7XTIYdB74wsp29H0n66d7TBeohppo7qItSE2OwAtqXif4JHCuYq5nX0i', '2023-07-28 09:33:12', '2023-08-08 10:51:36'),
(4, 'Ton That An Khuong (FPL HCM)', 'khuongttaps26697@fpt.edu.vn', '113663227173536218933', NULL, NULL, '$2y$10$6V8TeLtb7pE2PFImF0wtee.KNGakn/qBa2oxej/j98cGyWMo0gYo6', '2023-07-28 09:33:43', 1, 1, 'mlNBBj', '2023-07-28 09:33:43', 1, 'https://thegioinoithat.website/petscare/public/assets/images/member_avatar/3.png', 'yfcFlhkar6MfdJpoTrQsAyYEVYS3GsWnGPqLcAUdWVGhh74MZUOWx9HXaFPY', '2023-07-28 09:33:43', '2023-08-05 11:13:27'),
(5, 'Huynh Tuan Kiet (FPL HCM)', 'kiethtps26728@fpt.edu.vn', '113752030342346820387', NULL, NULL, '$2y$10$xfCRRYSdUIt/cYg.XN4OOe9fxOxBrmHnv3nMLksT7v2ZVyP8CYJhu', '2023-07-28 09:35:22', 1, 1, 'Z4pCcb', '2023-07-28 09:35:22', 1, 'https://thegioinoithat.website/petscare/public/assets/images/member_avatar/4.png', '4r7olfqofuUY0pjDvArIsO2gNvWqD8Xh4MX960HxWC8ftPulYiMoxGXe1Bcg', '2023-07-28 09:35:22', '2023-08-05 11:13:48'),
(6, 'Nguyen Trong Nhan', 'nhanntps26577@fpt.edu.vn', '116734192964487510490', NULL, NULL, '$2y$10$Qo9UdXq/KwjlNRA4PP6.keLBn7maH6/gMeF8YyIIaz3kQj2Spsiwe', '2023-07-28 09:36:50', 1, 1, 'tumVam', '2023-07-28 09:36:50', 1, 'https://thegioinoithat.website/petscare/public/assets/images/member_avatar/2.png', 'eU7vi8Z05XUhGk6fZyKMcHFZMXbrXGnAaDfLJnkvwfGatHfQk6oqEMnTAjOP', '2023-07-28 09:36:50', '2023-08-05 11:13:42'),
(7, 'Trần Việt Hưng', 'hungtvps26521@fpt.edu.vn', NULL, NULL, NULL, '$2y$10$fgLl/6PeKtFYCGJ9d/cfVu9qvjo80hNWW2JilZKeqoEB2.7za8iya', '2023-07-28 15:50:01', 1, 1, '233115', '2023-07-28 15:50:15', 0, 'https://anubis.gr/wp-content/uploads/2018/03/no-avatar.png', NULL, '2023-07-28 15:48:12', '2023-07-28 15:50:01'),
(8, 'Phúc Nguyễn', 'phucnguyenvth12@gmail.com', '104150445462832340097', NULL, NULL, '$2y$10$N1IS7VVcYk2HleHRF49ez.63TfLnuAbvnHWh9c1FUxov0DW4QT6mm', '2023-07-28 15:56:36', 1, 1, 'R35mKD', '2023-07-28 15:56:36', 0, 'https://thegioinoithat.website/assets/images/user_avatars/16905347393849.jpg', 'gN6DjuiGcaffdXc53gOwxbQUqDAhdGhl0ySMjamxfkTlNSNGV9Yj7Jh5maL4', '2023-07-28 15:56:36', '2023-07-28 15:58:59'),
(9, 'Nguyen Thi Nam (FE FPL HCM)', 'namnt110@fpt.edu.vn', '102201224862355749569', NULL, NULL, '$2y$10$iWzSHdwTZ9w9oMidAYulQuvEonY4Alm35hY3ZEYLd2s7aI27JHplC', '2023-07-28 15:57:40', 1, 1, '3klcCq', '2023-07-28 15:57:40', 1, 'https://lh3.googleusercontent.com/a/AAcHTtdXTtZeeIVJFtOaoPbgtmjoVgk04Kjec2mw_iDWPcKv1A', 'V4kARP2NWQUmhY0ERgsOzHaoYzPU3g0etHHNNTEtmRp0YTensQGWPschQCYj', '2023-07-28 15:57:40', '2023-08-04 13:12:42'),
(11, 'Chau Nguyen Anh (FPL HCM)', 'anhcnps26658@fpt.edu.vn', '109431303684225808952', NULL, NULL, '$2y$10$xkyFRGek6xxKIzLQoHJiMe./mq0jM1s3VSLvVGaJFJN.AkrftodMK', '2023-07-31 16:33:28', 1, 1, 'HoTW5W', '2023-07-31 16:33:28', 0, 'https://lh3.googleusercontent.com/a/AAcHTte5n0urCDCa_LBJpxWIHdeUUKbdFLO86hBQjpQDs7IO', 'uRBhSw3CWHPtE0vnNIq8ZJry5k0QkqhNaEtGObIFuEJkn83H4M0aUj0YlKaz', '2023-07-31 16:33:28', '2023-07-31 16:33:28'),
(12, 'Nguyen Phuoc Hoa (FPL HCM)', 'hoanpps26655@fpt.edu.vn', '100473691746136767228', NULL, NULL, '$2y$10$RPTU6BR5MOWl7R4Ek/vUgelgBYcn5Nnf5NVbzJK8qQW5Ldmy72p1K', '2023-07-31 16:33:35', 1, 1, 'oMoYX6', '2023-07-31 16:33:35', 0, 'https://lh3.googleusercontent.com/a/AAcHTtf3HedRto3m1Ix3CSqJXTpdo5ooVYHUqljpmZcNs5kLFA', '4JrwbBewCfKFhiKUA8W6fQ1xKUBovHvhp6agVspkQI9fvkGTqtE2Jei0BVmR', '2023-07-31 16:33:35', '2023-07-31 16:33:35'),
(13, 'Nhân Nguyễn', 'nhan2095a@gmail.com', NULL, NULL, NULL, '$2y$10$U8vjjvq2.tSDOz8w2e4m0utogPi8YqmDkc0FOz.ItqMVAiRg7BgH.', '2023-07-31 22:41:56', 1, 1, '624204', '2023-07-31 22:42:18', 1, 'https://anubis.gr/wp-content/uploads/2018/03/no-avatar.png', NULL, '2023-07-31 22:41:18', '2023-08-15 21:59:29'),
(17, 'trungtranquanggg', 'trung@gmail.com', NULL, NULL, NULL, '$2y$10$xtUi4u7XK53znQN1vTCuoulDas2T5EX1c.AH5hc0V4wq8Ekfxzr/y', NULL, 1, 1, '892513', '2023-08-01 21:00:39', 0, 'https://anubis.gr/wp-content/uploads/2018/03/no-avatar.png', NULL, '2023-08-01 20:59:39', '2023-08-01 21:01:38'),
(18, 'Nguyen Hoang Phuc (FPL HCM)', 'phucnhps26324@fpt.edu.vn', '116591444390251774789', NULL, NULL, '$2y$10$tPYeHRsXrOQZ4DPA5gOLEu5KTuKrBTLxaC3cmN2tpP85nZhhFrD0i', '2023-08-02 11:55:35', 1, 1, 'Ay6hyG', '2023-08-02 11:55:35', 1, 'https://lh3.googleusercontent.com/a/AAcHTtfWFmyHG34_ylYaeVCIvlthla5B4z23x2xEK4dm16zo', '6JI2s9NkXCSxgBcJTcTXKzqIoiEx8rKr08DmhkbWUPenTWtXGPaSdjGRKVaZ', '2023-08-02 11:55:35', '2023-08-02 11:55:49'),
(20, 'Vo Tan Phu (FPL HCM)', 'phuvtps26916@fpt.edu.vn', '106265839461898612801', NULL, NULL, '$2y$10$qrT2cgJQa7f3tjQrJWu31O9Fr94vpwDqBlaxEsIK3fswsVEh4aCvy', '2023-08-07 12:53:15', 1, 1, 'mF9LMM', '2023-08-07 12:53:15', 0, 'https://lh3.googleusercontent.com/a/AAcHTteFiNilBTQgNwtGSVJVKnaWg6MwKflG9sDVsJu6S2zt', 'kcCch1VMydKWRd2V7x563Q9c8E00zxRl7NVQq0N0iLWswDDmqabLTtsIzZem', '2023-08-07 12:53:15', '2023-08-07 12:53:15'),
(21, 'Hoàng Phan', 'shopquanaothucdoan@gmail.com', '115202000796460922798', NULL, NULL, '$2y$10$3bMA0OHqhqXjC0ajExvazuzch7AV0cjtviTcjTxvSxO3Ovf.rpCO6', '2023-08-07 16:46:37', 1, 1, 'a9zucu', '2023-08-07 16:46:37', 0, 'https://lh3.googleusercontent.com/a/AAcHTtcLZPwEQmMfbhr1a1w__jjmaI_T0rXEzhddVBHpUcVU', '4ChpY3Cj4thLH1OAobTGOq4BMxMdt2qwyI9BWmadKErCMvujlQ5aQTbuutns', '2023-08-07 16:46:37', '2023-08-07 16:46:37'),
(22, 'anh thế', 'theanhdzno1st@gmail.com', '107864099174458861987', NULL, NULL, '$2y$10$Lp4NwG7Ep7Vi6zfrpjZZzO.ZgEk0AGRDeciYEVyShcJybKY95nWKm', '2023-08-07 16:55:29', 1, 1, 'yoUdO4', '2023-08-07 16:55:29', 0, 'https://lh3.googleusercontent.com/a/AAcHTtcUWDBN06bUBwQYWLYvAoMFJTGTtfcQCIY1JT4BEGmb', 'dcVKaDJ2S1EgvrD38zWYRpRqtNgEI0ZZvHwKgyRjDts75HPx6BUkwl8J7v1N', '2023-08-07 16:55:29', '2023-08-07 16:55:29'),
(23, 'nhan', 'nhan2095b@gmail.com', NULL, NULL, NULL, '$2y$10$Fz7Txr9jykxQMpoQoeHq5em6/y9vo5FSLRICTPF.u.3AcbQolB/ci', NULL, 1, 0, '942146', '2023-08-08 10:46:14', 0, 'https://anubis.gr/wp-content/uploads/2018/03/no-avatar.png', NULL, '2023-08-08 10:45:14', '2023-08-08 10:45:14'),
(24, 'Tran Quang Trung', 'trung.tranquanggg@gmail.com', NULL, NULL, NULL, '$2y$10$Rj3qfRcpwHzxpsH3ador2.zq0o1vmkEEgbNmFJZ7N4e7r9AIl06jO', '2023-08-11 15:08:33', 1, 1, '743820', '2023-08-11 15:09:07', 0, 'https://anubis.gr/wp-content/uploads/2018/03/no-avatar.png', NULL, '2023-08-08 10:48:55', '2023-08-11 15:08:33'),
(25, 'Trọng Lê Hoàngá', 'hoangtrong741852@gmail.com', '109878964794432335819', NULL, NULL, '$2y$10$cgq8ChX5aBY24B/HjWDBjOd0niNNt97pQkJbuKjRnMUM2G.5ECnhC', '2023-09-09 23:49:27', 1, 0, 'QjX01U', '2023-09-09 23:49:27', 0, 'https://thegioinoithat.website/assets/images/user_avatars/16969366878160.jpg', 'OHTjme9qogVa8HIMtGTkkVW9AbgsQVeiU3CohaO0nm22eqeVlb56j2qFXgrk', '2023-09-09 23:49:27', '2023-11-14 13:01:25'),
(26, 'Công Đinh', 'dinhtiencong113@gmail.com', '116134177100615254405', NULL, NULL, '$2y$10$KdDNogjzUQ30DrqT7rdVq.gz95HZ4203VEGP.oRUa7QK.qFUIU7e.', '2023-09-22 19:37:22', 1, 1, 'OZRHfL', '2023-09-22 19:37:22', 0, 'https://lh3.googleusercontent.com/a/ACg8ocLm_b2ihvKlkHFCgRsZM1nt8XB5FZFKQeN5Wk9eecek', 'KgQWXUKfCrzzFxPtvj41c0uLbrq5b2swYmhsKIGziUYvpjAc7x205QCa60GP', '2023-09-22 19:37:22', '2023-10-09 14:26:12'),
(27, 'hieu', 'tronglhse161154@fpt.edu.vn', '108894691783632382196', NULL, NULL, '$2y$10$40cq09eO8Z20/Sic9KrfYODRat8wc0c0c7lQAvQmiYTrq/vE4iHxG', '2023-10-04 16:24:25', 1, 1, 'WwIYLe', '2023-10-04 16:24:25', 0, 'https://lh3.googleusercontent.com/a/ACg8ocLdeYYDSiuXoe5-eAgUQrxBY02KFX4COy5OXmAUR2z-wg', 'v5NhY5wXDGVEt9zlsdK1WCCAktWZYRAewx78NmuPS12BttSKxeHZM2pguSMO', '2023-09-25 09:57:26', '2023-10-04 16:24:25'),
(28, 'trong', 'rainahser@metalunits.com', NULL, NULL, NULL, '$2y$10$2NlYQYorF2wnLQnAGUSxNuZblYUPjMdI9yTQGWqX2uoHq8j3CZ.IW', NULL, 1, 0, '859335', '2023-10-14 13:57:28', 0, 'https://anubis.gr/wp-content/uploads/2018/03/no-avatar.png', NULL, '2023-10-14 13:56:28', '2023-10-14 13:56:28'),
(30, 'LOTTE Cinema Gò Vấp', 'pmlotte.govap@gmail.com', '108650575192797004261', NULL, NULL, '$2y$10$9dxYEMfv9UWrSaeS/RGiOew5PjkZDVihXWUtYmhnZ0Qve4K3rpszi', '2023-11-28 18:16:46', 1, 1, 'y8PaC9', '2023-11-28 18:16:46', 0, 'https://lh3.googleusercontent.com/a/ACg8ocJu5XxC45xYpQlyOE8EnV750HNKa43J-3M_nsn4mNH4Uw', 'FDAjc1JUFnQhKrdIOq30I8unKskWKmcGYXWGGhzlMkvOxoqqBP0NJRmkWKGM', '2023-11-28 18:16:46', '2023-11-28 18:16:46'),
(31, 'min min', 'minull1810@gmail.com', '103835251800708074179', NULL, NULL, '$2y$10$Z.7gvd1LQ5.I2Qvqnmvla.6SVrk6jLM1a12p3SEnhsDMeHoPJpzUW', '2024-01-02 13:31:06', 1, 1, 'pLWxVY', '2024-01-02 13:31:06', 1, 'https://thegioinoithat.website/assets/images/user_avatars/17041770823686.jpg', '7a4hgUZmBEPcHZssoy9BtMao2FJDDXLqc6w26ftO7VdWoyS8H10On4G5uxzB', '2024-01-02 13:31:06', '2024-01-02 13:31:22');

--
-- Indexes for dumped tables
--

--
-- Indexes for table `banners`
--
ALTER TABLE `banners`
  ADD PRIMARY KEY (`id`);

--
-- Indexes for table `book_services`
--
ALTER TABLE `book_services`
  ADD PRIMARY KEY (`id`),
  ADD KEY `book_services_user_id_foreign` (`user_id`),
  ADD KEY `book_services_service_id_foreign` (`service_id`);

--
-- Indexes for table `brands`
--
ALTER TABLE `brands`
  ADD PRIMARY KEY (`id`),
  ADD UNIQUE KEY `brands_slug_unique` (`slug`);

--
-- Indexes for table `categories`
--
ALTER TABLE `categories`
  ADD PRIMARY KEY (`id`),
  ADD UNIQUE KEY `categories_slug_unique` (`slug`);

--
-- Indexes for table `comments`
--
ALTER TABLE `comments`
  ADD PRIMARY KEY (`id`),
  ADD KEY `comments_user_id_foreign` (`user_id`),
  ADD KEY `comments_post_id_foreign` (`post_id`);

--
-- Indexes for table `coupons`
--
ALTER TABLE `coupons`
  ADD PRIMARY KEY (`id`);

--
-- Indexes for table `information_users`
--
ALTER TABLE `information_users`
  ADD PRIMARY KEY (`id`),
  ADD KEY `information_users_user_id_foreign` (`user_id`);

--
-- Indexes for table `migrations`
--
ALTER TABLE `migrations`
  ADD PRIMARY KEY (`id`);

--
-- Indexes for table `orders`
--
ALTER TABLE `orders`
  ADD PRIMARY KEY (`id`),
  ADD KEY `orders_user_id_foreign` (`user_id`),
  ADD KEY `orders_coupon_id_foreign` (`coupon_id`),
  ADD KEY `orders_payment_id_foreign` (`payment_id`),
  ADD KEY `address_id` (`address_id`);

--
-- Indexes for table `order_detail`
--
ALTER TABLE `order_detail`
  ADD KEY `order_detail_order_id_foreign` (`order_id`),
  ADD KEY `order_detail_product_id_foreign` (`product_id`);

--
-- Indexes for table `password_reset_tokens`
--
ALTER TABLE `password_reset_tokens`
  ADD PRIMARY KEY (`email`);

--
-- Indexes for table `payments`
--
ALTER TABLE `payments`
  ADD PRIMARY KEY (`id`);

--
-- Indexes for table `personal_access_tokens`
--
ALTER TABLE `personal_access_tokens`
  ADD PRIMARY KEY (`id`),
  ADD UNIQUE KEY `personal_access_tokens_token_unique` (`token`),
  ADD KEY `personal_access_tokens_tokenable_type_tokenable_id_index` (`tokenable_type`,`tokenable_id`);

--
-- Indexes for table `posts`
--
ALTER TABLE `posts`
  ADD PRIMARY KEY (`id`),
  ADD UNIQUE KEY `posts_slug_unique` (`slug`),
  ADD KEY `posts_user_post_id_foreign` (`user_post_id`),
  ADD KEY `posts_category_id_foreign` (`category_id`);

--
-- Indexes for table `products`
--
ALTER TABLE `products`
  ADD PRIMARY KEY (`id`),
  ADD UNIQUE KEY `products_sku_unique` (`sku`),
  ADD UNIQUE KEY `products_slug_unique` (`slug`),
  ADD KEY `products_category_id_foreign` (`category_id`),
  ADD KEY `products_brand_id_foreign` (`brand_id`);

--
-- Indexes for table `product_img_collection`
--
ALTER TABLE `product_img_collection`
  ADD KEY `product_img_collection_product_id_foreign` (`product_id`);

--
-- Indexes for table `reviews`
--
ALTER TABLE `reviews`
  ADD PRIMARY KEY (`id`),
  ADD KEY `reviews_user_id_foreign` (`user_id`),
  ADD KEY `reviews_post_id_foreign` (`post_id`);

--
-- Indexes for table `services`
--
ALTER TABLE `services`
  ADD PRIMARY KEY (`id`);

--
-- Indexes for table `users`
--
ALTER TABLE `users`
  ADD PRIMARY KEY (`id`);

--
-- AUTO_INCREMENT for dumped tables
--

--
-- AUTO_INCREMENT for table `banners`
--
ALTER TABLE `banners`
  MODIFY `id` bigint(20) UNSIGNED NOT NULL AUTO_INCREMENT, AUTO_INCREMENT=12;

--
-- AUTO_INCREMENT for table `book_services`
--
ALTER TABLE `book_services`
  MODIFY `id` bigint(20) UNSIGNED NOT NULL AUTO_INCREMENT, AUTO_INCREMENT=6;

--
-- AUTO_INCREMENT for table `brands`
--
ALTER TABLE `brands`
  MODIFY `id` bigint(20) UNSIGNED NOT NULL AUTO_INCREMENT, AUTO_INCREMENT=18;

--
-- AUTO_INCREMENT for table `categories`
--
ALTER TABLE `categories`
  MODIFY `id` bigint(20) UNSIGNED NOT NULL AUTO_INCREMENT, AUTO_INCREMENT=25;

--
-- AUTO_INCREMENT for table `comments`
--
ALTER TABLE `comments`
  MODIFY `id` bigint(20) UNSIGNED NOT NULL AUTO_INCREMENT, AUTO_INCREMENT=13;

--
-- AUTO_INCREMENT for table `coupons`
--
ALTER TABLE `coupons`
  MODIFY `id` bigint(20) UNSIGNED NOT NULL AUTO_INCREMENT, AUTO_INCREMENT=3;

--
-- AUTO_INCREMENT for table `information_users`
--
ALTER TABLE `information_users`
  MODIFY `id` bigint(20) UNSIGNED NOT NULL AUTO_INCREMENT, AUTO_INCREMENT=23;

--
-- AUTO_INCREMENT for table `migrations`
--
ALTER TABLE `migrations`
  MODIFY `id` int(10) UNSIGNED NOT NULL AUTO_INCREMENT, AUTO_INCREMENT=19;

--
-- AUTO_INCREMENT for table `orders`
--
ALTER TABLE `orders`
  MODIFY `id` bigint(20) UNSIGNED NOT NULL AUTO_INCREMENT, AUTO_INCREMENT=33;

--
-- AUTO_INCREMENT for table `payments`
--
ALTER TABLE `payments`
  MODIFY `id` bigint(20) UNSIGNED NOT NULL AUTO_INCREMENT, AUTO_INCREMENT=4;

--
-- AUTO_INCREMENT for table `personal_access_tokens`
--
ALTER TABLE `personal_access_tokens`
  MODIFY `id` bigint(20) UNSIGNED NOT NULL AUTO_INCREMENT;

--
-- AUTO_INCREMENT for table `posts`
--
ALTER TABLE `posts`
  MODIFY `id` bigint(20) UNSIGNED NOT NULL AUTO_INCREMENT, AUTO_INCREMENT=12;

--
-- AUTO_INCREMENT for table `products`
--
ALTER TABLE `products`
  MODIFY `id` bigint(20) UNSIGNED NOT NULL AUTO_INCREMENT, AUTO_INCREMENT=44;

--
-- AUTO_INCREMENT for table `reviews`
--
ALTER TABLE `reviews`
  MODIFY `id` bigint(20) UNSIGNED NOT NULL AUTO_INCREMENT;

--
-- AUTO_INCREMENT for table `services`
--
ALTER TABLE `services`
  MODIFY `id` bigint(20) UNSIGNED NOT NULL AUTO_INCREMENT, AUTO_INCREMENT=17;

--
-- AUTO_INCREMENT for table `users`
--
ALTER TABLE `users`
  MODIFY `id` bigint(20) UNSIGNED NOT NULL AUTO_INCREMENT, AUTO_INCREMENT=32;

--
-- Constraints for dumped tables
--

--
-- Constraints for table `book_services`
--
ALTER TABLE `book_services`
  ADD CONSTRAINT `book_services_service_id_foreign` FOREIGN KEY (`service_id`) REFERENCES `services` (`id`),
  ADD CONSTRAINT `book_services_user_id_foreign` FOREIGN KEY (`user_id`) REFERENCES `users` (`id`);

--
-- Constraints for table `comments`
--
ALTER TABLE `comments`
  ADD CONSTRAINT `comments_post_id_foreign` FOREIGN KEY (`post_id`) REFERENCES `posts` (`id`),
  ADD CONSTRAINT `comments_user_id_foreign` FOREIGN KEY (`user_id`) REFERENCES `users` (`id`);

--
-- Constraints for table `information_users`
--
ALTER TABLE `information_users`
  ADD CONSTRAINT `information_users_user_id_foreign` FOREIGN KEY (`user_id`) REFERENCES `users` (`id`);

--
-- Constraints for table `orders`
--
ALTER TABLE `orders`
  ADD CONSTRAINT `orders_coupon_id_foreign` FOREIGN KEY (`coupon_id`) REFERENCES `coupons` (`id`),
  ADD CONSTRAINT `orders_ibfk_1` FOREIGN KEY (`address_id`) REFERENCES `information_users` (`id`),
  ADD CONSTRAINT `orders_payment_id_foreign` FOREIGN KEY (`payment_id`) REFERENCES `payments` (`id`),
  ADD CONSTRAINT `orders_user_id_foreign` FOREIGN KEY (`user_id`) REFERENCES `users` (`id`);

--
-- Constraints for table `order_detail`
--
ALTER TABLE `order_detail`
  ADD CONSTRAINT `order_detail_order_id_foreign` FOREIGN KEY (`order_id`) REFERENCES `orders` (`id`),
  ADD CONSTRAINT `order_detail_product_id_foreign` FOREIGN KEY (`product_id`) REFERENCES `products` (`id`);

--
-- Constraints for table `posts`
--
ALTER TABLE `posts`
  ADD CONSTRAINT `posts_category_id_foreign` FOREIGN KEY (`category_id`) REFERENCES `categories` (`id`),
  ADD CONSTRAINT `posts_user_post_id_foreign` FOREIGN KEY (`user_post_id`) REFERENCES `users` (`id`);

--
-- Constraints for table `products`
--
ALTER TABLE `products`
  ADD CONSTRAINT `products_brand_id_foreign` FOREIGN KEY (`brand_id`) REFERENCES `brands` (`id`),
  ADD CONSTRAINT `products_category_id_foreign` FOREIGN KEY (`category_id`) REFERENCES `categories` (`id`);

--
-- Constraints for table `product_img_collection`
--
ALTER TABLE `product_img_collection`
  ADD CONSTRAINT `product_img_collection_product_id_foreign` FOREIGN KEY (`product_id`) REFERENCES `products` (`id`);

--
-- Constraints for table `reviews`
--
ALTER TABLE `reviews`
  ADD CONSTRAINT `reviews_post_id_foreign` FOREIGN KEY (`post_id`) REFERENCES `posts` (`id`),
  ADD CONSTRAINT `reviews_user_id_foreign` FOREIGN KEY (`user_id`) REFERENCES `users` (`id`);
COMMIT;

/*!40101 SET CHARACTER_SET_CLIENT=@OLD_CHARACTER_SET_CLIENT */;
/*!40101 SET CHARACTER_SET_RESULTS=@OLD_CHARACTER_SET_RESULTS */;
/*!40101 SET COLLATION_CONNECTION=@OLD_COLLATION_CONNECTION */;
